source_id,num_bugs,num_mutation_types,categories,mutation_types
tests/4.5/application_kernels/reduction_separated_directives.c,4,3,application_kernels,"CHANGE_MAPPING, CHANGE_OPERATOR, REMOVE_SYNCHRONIZATION"
tests/5.0/loop/test_loop_bind.c,4,1,loop,CHANGE_CLAUSE
tests/5.0/taskwait/test_taskwait_depend.c,4,2,taskwait,"REMOVE_CONSTRUCT, REMOVE_SYNCHRONIZATION"
tests/4.5/target_simd/test_target_simd.c,3,2,target_simd,"CHANGE_ASSIGNMENT, CHANGE_MAPPING"
tests/4.5/target_simd/test_nested_target_simd.c,3,2,target_simd,"CHANGE_ASSIGNMENT, CHANGE_MAPPING"
tests/4.5/target_enter_exit_data/test_target_enter_exit_data_struct.c,3,2,target_enter_exit_data,"CHANGE_CONFIGURATION, CHANGE_MAPPING"
tests/4.5/target_data/test_target_data_map_to.c,3,2,target_data,"CHANGE_CONFIGURATION, CHANGE_MAPPING"
tests/4.5/target_data/test_target_data_map_tofrom.c,3,2,target_data,"CHANGE_CONSTANT, CHANGE_MAPPING"
tests/5.1/scope/test_scope_construct.c,3,3,scope,"CHANGE_LOOP_BOUND, CHANGE_MAPPING, REMOVE_SYNCHRONIZATION"
tests/4.5/target_data/test_target_data_if.c,3,3,target_data,"CHANGE_CONDITION, CHANGE_MAPPING, CHANGE_OPERATOR"
tests/4.5/target_data/test_target_data_map_from.c,3,2,target_data,"CHANGE_CONSTANT, CHANGE_MAPPING"
tests/4.5/target/test_target_map_struct_default.c,3,2,target,"CHANGE_CONSTANT, CHANGE_MAPPING"
tests/4.5/target/test_target_map_zero_length_pointer.c,3,2,target,"CHANGE_CONFIGURATION, CHANGE_MAPPING"
tests/4.5/target_enter_exit_data/test_target_enter_exit_data_map_pointer_translation.c,3,2,target_enter_exit_data,"CHANGE_ASSIGNMENT, CHANGE_MAPPING"
tests/4.5/target_teams_distribute_parallel_for/test_target_teams_distribute_parallel_for_map_from.c,3,2,target_teams_distribute_parallel_for,"CHANGE_CONSTANT, CHANGE_MAPPING"
tests/4.5/target_teams_distribute_parallel_for/test_target_teams_distribute_parallel_for_num_threads.c,3,2,target_teams_distribute_parallel_for,"CHANGE_CONFIGURATION, CHANGE_MAPPING"
tests/4.5/target_teams_distribute_parallel_for/test_target_teams_distribute_parallel_for_map_tofrom.c,3,3,target_teams_distribute_parallel_for,"CHANGE_ASSIGNMENT, CHANGE_CONSTANT, CHANGE_MAPPING"
tests/4.5/target_teams_distribute_parallel_for/test_target_teams_distribute_parallel_for_num_teams.c,3,2,target_teams_distribute_parallel_for,"CHANGE_CONFIGURATION, CHANGE_MAPPING"
tests/4.5/target_teams_distribute/test_target_teams_distribute_map.c,3,2,target_teams_distribute,"CHANGE_MAPPING, CHANGE_OPERATOR"
tests/5.1/order/test_loop_order_reproducible.c,3,2,order,"CHANGE_LOOP_BOUND, CHANGE_MAPPING"
tests/5.1/masked/test_masked_filter.c,3,3,masked,"CHANGE_CONFIGURATION, REMOVE_CLAUSE, REMOVE_SYNCHRONIZATION"
tests/4.5/target_teams_distribute/test_target_teams_distribute_reduction_min.c,3,3,target_teams_distribute,"CHANGE_ASSIGNMENT, CHANGE_OPERATOR, REMOVE_CLAUSE"
tests/4.5/target_teams_distribute/test_target_teams_distribute_reduction_max.c,3,3,target_teams_distribute,"CHANGE_ASSIGNMENT, CHANGE_OPERATOR, REMOVE_CLAUSE"
tests/4.5/target_teams_distribute/test_target_teams_distribute_num_teams.c,3,2,target_teams_distribute,"CHANGE_CONFIGURATION, CHANGE_MAPPING"
tests/4.5/target_teams_distribute/test_target_teams_distribute_reduction_bitand.c,3,3,target_teams_distribute,"CHANGE_ASSIGNMENT, CHANGE_OPERATOR, REMOVE_CLAUSE"
tests/4.5/target_teams_distribute/test_target_teams_distribute_reduction_bitor.c,3,3,target_teams_distribute,"CHANGE_ASSIGNMENT, CHANGE_OPERATOR, REMOVE_CLAUSE"
tests/4.5/target_teams_distribute/test_target_teams_distribute_reduction_bitxor.c,3,3,target_teams_distribute,"CHANGE_ASSIGNMENT, CHANGE_OPERATOR, REMOVE_CLAUSE"
tests/4.5/target_teams_distribute/test_target_teams_distribute.c,3,3,target_teams_distribute,"CHANGE_ASSIGNMENT, CHANGE_CONFIGURATION, CHANGE_MAPPING"
tests/5.1/order/test_parallel_for_order_unconstrained.c,3,3,order,"CHANGE_ASSIGNMENT, CHANGE_LOOP_BOUND, CHANGE_MAPPING"
tests/5.1/order/test_loop_order_unconstrained.c,3,3,order,"CHANGE_ASSIGNMENT, CHANGE_LOOP_BOUND, CHANGE_MAPPING"
tests/4.5/target_teams_distribute/test_target_teams_distribute_firstprivate.c,3,3,target_teams_distribute,"CHANGE_CONFIGURATION, CHANGE_OPERATOR, REMOVE_CLAUSE"
tests/4.5/target_enter_data/test_target_enter_data_global_array.c,3,2,target_enter_data,"CHANGE_CONFIGURATION, CHANGE_MAPPING"
tests/5.1/runtime_calls/test_teams_region_routines.c,3,2,runtime_calls,"CHANGE_CONFIGURATION, CHANGE_CONSTANT"
tests/4.5/target_data/test_target_data_map_to_from.c,3,2,target_data,"CHANGE_ASSIGNMENT, CHANGE_MAPPING"
tests/5.1/target/test_target_declare_indirect.c,3,3,target,"CHANGE_CONSTANT, CHANGE_MAPPING, REMOVE_CONSTRUCT"
tests/4.5/task/test_task_target.c,3,3,task,"CHANGE_ASSIGNMENT, CHANGE_CONFIGURATION, CHANGE_MAPPING"
tests/5.1/depend/test_depend_inout_omp_all_memory.c,3,2,depend,"REMOVE_CONSTRUCT, REMOVE_DEPENDENCY"
tests/4.5/target_teams_distribute_parallel_for/test_target_teams_distribute_parallel_for_schedule_private.c,3,3,target_teams_distribute_parallel_for,"CHANGE_CONFIGURATION, CHANGE_CONSTANT, REMOVE_CLAUSE"
tests/4.5/target_teams_distribute_parallel_for/test_target_teams_distribute_parallel_for_map_to.c,3,2,target_teams_distribute_parallel_for,"CHANGE_ASSIGNMENT, CHANGE_MAPPING"
tests/5.1/dispatch/test_dispatch_nowait.c,3,3,dispatch,"CHANGE_ASSIGNMENT, REMOVE_CONSTRUCT, REMOVE_SYNCHRONIZATION"
tests/4.5/task/test_task_final.c,3,2,task,"CHANGE_CONDITION, CHANGE_CONFIGURATION"
tests/4.5/target_update/test_target_update_to.c,3,3,target_update,"CHANGE_ASSIGNMENT, CHANGE_CONSTANT, CHANGE_MAPPING"
tests/4.5/target_teams_distribute_parallel_for/test_target_teams_distribute_parallel_for_defaultmap.c,3,2,target_teams_distribute_parallel_for,"CHANGE_CONSTANT, CHANGE_MAPPING"
tests/4.5/target_teams_distribute/test_target_teams_distribute_lastprivate.c,3,2,target_teams_distribute,"CHANGE_OPERATOR, REMOVE_CLAUSE"
tests/5.0/target/test_target_defaultmap_to_from_tofrom.c,3,1,target,CHANGE_MAPPING
tests/4.5/target/test_target_defaultmap.c,3,2,target,"CHANGE_CONSTANT, CHANGE_MAPPING"
tests/4.5/target/test_target_if.c,3,3,target,"CHANGE_CONDITION, CHANGE_MAPPING, CHANGE_OPERATOR"
tests/5.0/target/test_target_defaultmap_default.c,3,2,target,"CHANGE_CONSTANT, CHANGE_MAPPING"
tests/5.0/loop/test_loop_reduction_bitor_device.c,3,3,loop,"CHANGE_ASSIGNMENT, CHANGE_OPERATOR, REMOVE_CLAUSE"
tests/5.0/program_control/test_omp_target_offload_env_DEFAULT.c,3,3,program_control,"CHANGE_CONFIGURATION, CHANGE_CONSTANT, CHANGE_MAPPING"
tests/5.0/program_control/test_omp_get_device_num.c,3,3,program_control,"CHANGE_ASSIGNMENT, CHANGE_MAPPING, CHANGE_RUNTIME_CALL"
tests/5.0/loop/test_loop_bind_device.c,3,2,loop,"CHANGE_ASSIGNMENT, CHANGE_CLAUSE"
tests/5.0/atomic/test_atomic_num_hint_device.c,3,3,atomic,"CHANGE_ASSIGNMENT, CHANGE_CONFIGURATION, REMOVE_SYNCHRONIZATION"
tests/5.0/declare_target/test_nested_declare_target.c,3,3,declare_target,"CHANGE_CONSTANT, CHANGE_MAPPING, REMOVE_CONSTRUCT"
tests/5.0/declare_variant/test_declare_variant.c,3,2,declare_variant,"CHANGE_CONDITION, CHANGE_MAPPING"
tests/5.0/master_taskloop/test_master_taskloop_device.c,3,3,master_taskloop,"CHANGE_ASSIGNMENT, CHANGE_MAPPING, REMOVE_CONSTRUCT"
tests/5.0/master_taskloop_simd/test_master_taskloop_simd_device.c,3,3,master_taskloop_simd,"CHANGE_ASSIGNMENT, CHANGE_MAPPING, REMOVE_CONSTRUCT"
tests/5.0/loop/test_loop_reduction_max_device.c,3,3,loop,"CHANGE_ASSIGNMENT, CHANGE_OPERATOR, REMOVE_CLAUSE"
tests/5.0/loop/test_loop_reduction_min_device.c,3,3,loop,"CHANGE_ASSIGNMENT, CHANGE_OPERATOR, REMOVE_CLAUSE"
tests/5.1/atomic/test_atomic_compare_device.c,3,3,atomic,"CHANGE_CONFIGURATION, CHANGE_OPERATOR, REMOVE_SYNCHRONIZATION"
tests/5.1/atomic/test_atomic_compare.c,3,2,atomic,"CHANGE_OPERATOR, REMOVE_SYNCHRONIZATION"
tests/4.5/target/test_target_map_global_arrays.c,3,3,target,"CHANGE_CONFIGURATION, CHANGE_LOOP_BOUND, CHANGE_MAPPING"
tests/4.5/target/test_target_map_array_default.c,3,3,target,"CHANGE_ASSIGNMENT, CHANGE_MAPPING, CHANGE_OPERATOR"
tests/5.2/runtime_calls/test_omp_in_explicit_task.c,3,2,runtime_calls,"CHANGE_RUNTIME_CALL, REMOVE_CONSTRUCT"
tests/5.2/target_enter_data/test_target_enter_data_map.c,3,2,target_enter_data,"CHANGE_CONSTANT, CHANGE_MAPPING"
tests/5.0/target_parallel_loop/test_target_parallel_loop_bind.c,3,3,target_parallel_loop,"CHANGE_ASSIGNMENT, CHANGE_CLAUSE, CHANGE_MAPPING"
tests/5.0/target/test_target_parallel_linear.c,3,2,target,"CHANGE_CONSTANT, REMOVE_CONSTRUCT"
tests/5.0/declare_target/test_declare_target_parallel_for.c,3,3,declare_target,"CHANGE_ASSIGNMENT, CHANGE_CONFIGURATION, REMOVE_CONSTRUCT"
tests/5.0/target_teams_distribute_parallel_for_simd/test_target_teams_distribute_parallel_for_simd_atomic.c,3,3,target_teams_distribute_parallel_for_simd,"CHANGE_CONSTANT, CHANGE_MAPPING, REMOVE_SYNCHRONIZATION"
tests/5.0/target_teams_distribute/test_target_teams_distribute_reduction_max.c,3,3,target_teams_distribute,"CHANGE_ASSIGNMENT, CHANGE_OPERATOR, REMOVE_CLAUSE"
tests/5.0/target_teams_distribute/test_target_teams_distribute_reduction_bitand.c,3,3,target_teams_distribute,"CHANGE_ASSIGNMENT, CHANGE_OPERATOR, REMOVE_CLAUSE"
tests/5.0/target_teams_distribute/test_target_teams_distribute_reduction_bitor.c,3,3,target_teams_distribute,"CHANGE_ASSIGNMENT, CHANGE_OPERATOR, REMOVE_CLAUSE"
tests/5.0/target/test_target_parallel_for_notequals.c,3,3,target,"CHANGE_ASSIGNMENT, CHANGE_LOOP_BOUND, CHANGE_MAPPING"
tests/5.0/target/test_target_parallel_if_device.c,3,3,target,"CHANGE_ASSIGNMENT, CHANGE_CONDITION, CHANGE_RUNTIME_CALL"
tests/5.0/target_teams_distribute/test_target_teams_distribute_reduction_min.c,3,3,target_teams_distribute,"CHANGE_ASSIGNMENT, CHANGE_OPERATOR, REMOVE_CLAUSE"
tests/5.0/target/test_target_firstprivate_device.c,3,3,target,"CHANGE_CONFIGURATION, CHANGE_OPERATOR, REMOVE_CLAUSE"
tests/4.5/target_enter_data/test_target_enter_data_if.c,3,2,target_enter_data,"CHANGE_CONFIGURATION, CHANGE_MAPPING"
tests/5.0/loop/test_loop_nested_device.c,3,3,loop,"CHANGE_ASSIGNMENT, CHANGE_MAPPING, REMOVE_CONSTRUCT"
tests/5.0/loop/test_loop_reduction_bitand_device.c,3,3,loop,"CHANGE_ASSIGNMENT, CHANGE_OPERATOR, REMOVE_CLAUSE"
tests/4.5/target_update/test_target_update_from.c,3,3,target_update,"CHANGE_ASSIGNMENT, CHANGE_CONSTANT, CHANGE_MAPPING"
tests/4.5/target_enter_data/test_target_enter_data_struct.c,3,2,target_enter_data,"CHANGE_ASSIGNMENT, CHANGE_MAPPING"
tests/4.5/target_enter_data/test_target_enter_data_malloced_array.c,3,2,target_enter_data,"CHANGE_CONFIGURATION, CHANGE_MAPPING"
tests/4.5/target_enter_exit_data/test_target_enter_exit_data_depend.c,2,2,target_enter_exit_data,"CHANGE_ASSIGNMENT, CHANGE_MAPPING"
tests/6.0/fuse/test_fuse_looprange.c,2,2,fuse,"CHANGE_ASSIGNMENT, CHANGE_LOOP_BOUND"
tests/4.5/application_kernels/qmcpack_target_math.c,2,2,application_kernels,"CHANGE_CONSTANT, CHANGE_MAPPING"
tests/4.5/application_kernels/linked_list.c,2,1,application_kernels,CHANGE_MAPPING
tests/4.5/application_kernels/mmm_target.c,2,2,application_kernels,"CHANGE_ASSIGNMENT, CHANGE_MAPPING"
tests/6.0/taskgraph/test_taskgraph.c,2,2,taskgraph,"CHANGE_LOOP_BOUND, REMOVE_SYNCHRONIZATION"
tests/4.5/target/test_target_map_scalar_no_map_type_modifier.c,2,2,target,"CHANGE_ASSIGNMENT, CHANGE_MAPPING"
tests/4.5/target_simd/test_target_simd_simdlen.c,2,1,target_simd,CHANGE_ASSIGNMENT
tests/4.5/target_simd/test_target_simd_safelen.c,2,2,target_simd,"CHANGE_ASSIGNMENT, CHANGE_CONSTANT"
tests/5.1/scope/test_scope_nowait_construct.c,2,1,scope,CHANGE_LOOP_BOUND
tests/5.1/scope/test_scope_reduction_construct.c,2,1,scope,REMOVE_CONSTRUCT
tests/4.5/target_enter_exit_data/test_target_enter_exit_data_map_global_array.c,2,2,target_enter_exit_data,"CHANGE_MAPPING, REMOVE_CONSTRUCT"
tests/4.5/target_simd/test_target_simd_collapse.c,2,2,target_simd,"CHANGE_OPERATOR, CHANGE_VARIABLE"
tests/4.5/target_data/test_target_data_map_array_sections.c,2,1,target_data,CHANGE_MAPPING
tests/4.5/target_enter_exit_data/test_target_enter_exit_data_if.c,2,2,target_enter_exit_data,"CHANGE_CONDITION, CHANGE_OPERATOR"
tests/4.5/target_data/test_target_data_use_device_ptr.c,2,2,target_data,"CHANGE_VARIABLE, REMOVE_CONSTRUCT"
tests/4.5/target_data/test_target_data_map_pointer_translation.c,2,2,target_data,"CHANGE_CONSTANT, REMOVE_CONSTRUCT"
tests/4.5/target_update/test_target_update_if.c,2,2,target_update,"CHANGE_ASSIGNMENT, CHANGE_MAPPING"
tests/4.5/target_teams_distribute_parallel_for/test_target_teams_distribute_parallel_for_if_no_modifier.c,2,2,target_teams_distribute_parallel_for,"CHANGE_CONDITION, CHANGE_CONSTANT"
tests/4.5/target_teams_distribute_parallel_for/test_target_teams_distribute_parallel_for_firstprivate.c,2,2,target_teams_distribute_parallel_for,"CHANGE_ASSIGNMENT, CHANGE_CONSTANT"
tests/4.5/target_teams_distribute_parallel_for/test_target_teams_distribute_parallel_for.c,2,1,target_teams_distribute_parallel_for,CHANGE_ASSIGNMENT
tests/4.5/target_teams_distribute_parallel_for/test_target_teams_distribute_parallel_for_if_target_modifier.c,2,2,target_teams_distribute_parallel_for,"CHANGE_CLAUSE, CHANGE_CONSTANT"
tests/4.5/target_teams_distribute_parallel_for/test_target_teams_distribute_parallel_for_map_default.c,2,2,target_teams_distribute_parallel_for,"CHANGE_ASSIGNMENT, CHANGE_CONSTANT"
tests/4.5/target_teams_distribute_parallel_for/test_target_teams_distribute_parallel_for_if_parallel_modifier.c,2,2,target_teams_distribute_parallel_for,"CHANGE_CLAUSE, CHANGE_CONSTANT"
tests/5.1/loop/test_full_loop_unroll.c,2,2,loop,"CHANGE_ASSIGNMENT, CHANGE_LOOP_BOUND"
tests/5.1/error/test_error_message.c,2,2,error,"CHANGE_ASSIGNMENT, REMOVE_CONSTRUCT"
tests/5.1/error/test_error_message_at_compilation.c,2,2,error,"CHANGE_ASSIGNMENT, REMOVE_CONSTRUCT"
tests/5.1/error/test_error_message_at_execution.c,2,2,error,"CHANGE_ASSIGNMENT, REMOVE_CONSTRUCT"
tests/5.1/error/test_error_at_execution.c,2,2,error,"CHANGE_ASSIGNMENT, REMOVE_CONSTRUCT"
tests/5.1/depend/test_target_depend_out_omp_all_memory.c,2,2,depend,"CHANGE_ASSIGNMENT, REMOVE_DEPENDENCY"
tests/5.1/default/test_task_default_private.c,2,2,default,"CHANGE_MAPPING, REMOVE_CONSTRUCT"
tests/5.1/default/test_default_firstprivate_taskloop.c,2,2,default,"CHANGE_CLAUSE, REMOVE_CLAUSE"
tests/4.5/target_teams_distribute_parallel_for/test_target_teams_distribute_parallel_for_private.c,2,2,target_teams_distribute_parallel_for,"CHANGE_ASSIGNMENT, CHANGE_CONFIGURATION"
tests/4.5/target_teams_distribute/test_target_teams_distribute_is_device_ptr.c,2,1,target_teams_distribute,CHANGE_ASSIGNMENT
tests/5.1/loop/test_loop_unroll.c,2,2,loop,"CHANGE_ASSIGNMENT, CHANGE_LOOP_BOUND"
tests/5.1/error/test_error_severity_warning.c,2,2,error,"CHANGE_ASSIGNMENT, REMOVE_CONSTRUCT"
tests/5.1/requires/test_target_is_accessible_with_usm.c,2,2,requires,"CHANGE_OPERATOR, REMOVE_CONSTRUCT"
tests/4.5/target_teams_distribute/test_target_teams_distribute_default_none.c,2,2,target_teams_distribute,"CHANGE_ASSIGNMENT, REMOVE_CLAUSE"
tests/4.5/target_teams_distribute/test_target_teams_distribute_if.c,2,2,target_teams_distribute,"CHANGE_CONDITION, CHANGE_CONSTANT"
tests/4.5/target_teams_distribute/test_target_teams_distribute_dist_schedule.c,2,2,target_teams_distribute,"CHANGE_CONFIGURATION, REMOVE_STATEMENT"
tests/4.5/target_teams_distribute/test_target_teams_distribute_default_shared.c,2,2,target_teams_distribute,"CHANGE_CONSTANT, REMOVE_SYNCHRONIZATION"
tests/5.1/order/test_parallel_for_order_reproducible.c,2,2,order,"CHANGE_LOOP_BOUND, CHANGE_MAPPING"
tests/4.5/target_teams_distribute/test_target_teams_distribute_reduction_subtract.c,2,2,target_teams_distribute,"CHANGE_ASSIGNMENT, REMOVE_CLAUSE"
tests/5.1/masked/test_masked.c,2,2,masked,"REMOVE_CONSTRUCT, REMOVE_SYNCHRONIZATION"
tests/5.1/loop/test_partial_loop_unroll.c,2,2,loop,"CHANGE_ASSIGNMENT, CHANGE_LOOP_BOUND"
tests/4.5/target_teams_distribute/test_target_teams_distribute_shared.c,2,2,target_teams_distribute,"CHANGE_OPERATOR, REMOVE_SYNCHRONIZATION"
tests/4.5/target_teams_distribute/test_target_teams_distribute_reduction_add.c,2,2,target_teams_distribute,"CHANGE_ASSIGNMENT, REMOVE_CLAUSE"
tests/4.5/target_teams_distribute/test_target_teams_distribute_private.c,2,2,target_teams_distribute,"CHANGE_ASSIGNMENT, CHANGE_CONFIGURATION"
tests/4.5/target_teams_distribute/test_target_teams_distribute_nowait.c,2,2,target_teams_distribute,"CHANGE_ASSIGNMENT, REMOVE_SYNCHRONIZATION"
tests/5.1/order/test_taskloop_simd_order_unconstrained_device.c,2,2,order,"CHANGE_ASSIGNMENT, REMOVE_CONSTRUCT"
tests/4.5/target_teams_distribute/test_target_teams_distribute_collapse.c,2,2,target_teams_distribute,"CHANGE_OPERATOR, CHANGE_VARIABLE"
tests/4.5/target_enter_data/test_target_enter_data_depend.c,2,2,target_enter_data,"CHANGE_ASSIGNMENT, CHANGE_MAPPING"
tests/6.0/fuse/test_fuse_apply_looprange.c,2,2,fuse,"CHANGE_ASSIGNMENT, CHANGE_LOOP_BOUND"
tests/5.1/target/test_target_has_device_addr.c,2,1,target,REMOVE_CONSTRUCT
tests/5.1/target/test_target_defaultmap_present_aggregate.c,2,2,target,"CHANGE_CONSTANT, CHANGE_MAPPING"
tests/4.5/taskloop/test_taskloop_lastprivate.c,2,1,taskloop,CHANGE_CLAUSE
tests/5.0/declare_target/test_declare_target_device_type_host.c,2,2,declare_target,"CHANGE_MAPPING, CHANGE_OPERATOR"
tests/5.1/assume/test_assume_absent.c,2,2,assume,"CHANGE_LOOP_BOUND, CHANGE_MAPPING"
tests/5.0/declare_target/test_declare_target_nested_functions.c,2,2,declare_target,"CHANGE_CONSTANT, CHANGE_MAPPING"
tests/5.0/declare_target/test_declare_target_nested.c,2,2,declare_target,"CHANGE_CONSTANT, CHANGE_MAPPING"
tests/5.1/assume/test_assume_no_parallelism.c,2,2,assume,"CHANGE_LOOP_BOUND, CHANGE_MAPPING"
tests/5.0/teams_loop/test_target_teams_loop_device.c,2,2,teams_loop,"CHANGE_CONSTANT, CHANGE_MAPPING"
tests/5.0/teams_loop/test_target_teams_loop_firstprivate.c,2,2,teams_loop,"CHANGE_ASSIGNMENT, CHANGE_MAPPING"
tests/5.0/declare_target/test_declare_target_device_type_any.c,2,2,declare_target,"CHANGE_CONSTANT, CHANGE_MAPPING"
tests/4.5/taskloop/test_taskloop_shared.c,2,2,taskloop,"CHANGE_CLAUSE, REMOVE_SYNCHRONIZATION"
tests/5.0/loop/test_loop_collapse_device.c,2,2,loop,"CHANGE_OPERATOR, CHANGE_VARIABLE"
tests/5.0/loop/test_loop_private_device.c,2,2,loop,"CHANGE_ASSIGNMENT, CHANGE_CONSTANT"
tests/4.5/taskloop/test_taskloop_if.c,2,2,taskloop,"CHANGE_CONDITION, CHANGE_OPERATOR"
tests/5.0/loop/test_loop_reduction_add_device.c,2,2,loop,"CHANGE_OPERATOR, REMOVE_CLAUSE"
tests/5.1/assume/test_assume_contains.c,2,2,assume,"CHANGE_LOOP_BOUND, CHANGE_MAPPING"
tests/5.1/assume/test_assume_holds.c,2,2,assume,"CHANGE_LOOP_BOUND, CHANGE_MAPPING"
tests/5.1/assume/test_assume_no_openmp.c,2,2,assume,"CHANGE_LOOP_BOUND, CHANGE_MAPPING"
tests/5.1/assume/test_assume_no_openmp_routines.c,2,2,assume,"CHANGE_LOOP_BOUND, CHANGE_MAPPING"
tests/5.1/atomic/test_atomic_fail_acquire.c,2,1,atomic,CHANGE_OPERATOR
tests/5.1/assume/test_begin_end_assumes_contains.c,2,2,assume,"CHANGE_LOOP_BOUND, CHANGE_MAPPING"
tests/5.1/assume/test_assumes_contains.c,2,2,assume,"CHANGE_LOOP_BOUND, CHANGE_MAPPING"
tests/4.5/target_update/test_target_update_depend.c,2,2,target_update,"CHANGE_ASSIGNMENT, CHANGE_MAPPING"
tests/5.1/default/test_default_firstprivate_parallel.c,2,2,default,"CHANGE_CLAUSE, REMOVE_CLAUSE"
tests/5.1/atomic/test_atomic_fail_seq_cst.c,2,1,atomic,CHANGE_OPERATOR
tests/5.1/atomic/test_atomic_fail_relaxed.c,2,1,atomic,CHANGE_OPERATOR
tests/4.5/target_update/test_target_update_devices.c,2,2,target_update,"CHANGE_ASSIGNMENT, CHANGE_MAPPING"
tests/5.0/parallel_master/test_parallel_master_device.c,2,2,parallel_master,"CHANGE_ASSIGNMENT, CHANGE_CLAUSE"
tests/5.0/parallel_master_taskloop/test_parallel_master_taskloop_device.c,2,2,parallel_master_taskloop,"CHANGE_ASSIGNMENT, REMOVE_CONSTRUCT"
tests/5.0/parallel_master_taskloop_simd/test_parallel_master_taskloop_simd_device.c,2,2,parallel_master_taskloop_simd,"CHANGE_ASSIGNMENT, REMOVE_CLAUSE"
tests/5.0/requires/test_requires_unified_shared_memory_heap_is_device_ptr.c,2,2,requires,"CHANGE_CONSTANT, REMOVE_CONSTRUCT"
tests/5.0/requires/test_requires_unified_shared_memory_omp_target_alloc.c,2,2,requires,"CHANGE_CONFIGURATION, CHANGE_CONSTANT"
tests/5.0/requires/test_requires_unified_shared_memory_malloc_is_device_ptr.c,2,2,requires,"CHANGE_CONFIGURATION, REMOVE_CONSTRUCT"
tests/5.0/requires/test_requires_unified_shared_memory_static_is_device_ptr.c,2,2,requires,"CHANGE_CONSTANT, REMOVE_CONSTRUCT"
tests/5.0/requires/test_requires_unified_shared_memory_stack_is_device_ptr.c,2,2,requires,"CHANGE_CONFIGURATION, CHANGE_CONSTANT"
tests/5.0/target/test_target_collapse.c,2,2,target,"CHANGE_ASSIGNMENT, REMOVE_SYNCHRONIZATION"
tests/5.0/loop/test_loop_reduction_subtract_device.c,2,2,loop,"CHANGE_ASSIGNMENT, REMOVE_CLAUSE"
tests/5.0/teams_loop/test_target_teams_loop_reduction.c,2,2,teams_loop,"CHANGE_ASSIGNMENT, REMOVE_CLAUSE"
tests/5.0/teams_loop/test_target_teams_loop_defaultmap.c,2,2,teams_loop,"CHANGE_MAPPING, CHANGE_OPERATOR"
tests/5.0/teams/test_team_default_shared.c,2,2,teams,"CHANGE_CLAUSE, CHANGE_LOOP_BOUND"
tests/5.0/teams_loop/test_target_teams_loop_collapse.c,2,2,teams_loop,"CHANGE_ASSIGNMENT, CHANGE_MAPPING"
tests/5.0/taskloop/test_taskloop_in_reduction_device.c,2,2,taskloop,"CHANGE_ASSIGNMENT, REMOVE_DEPENDENCY"
tests/5.0/taskloop_simd/test_taskloop_simd_in_reduction_device.c,2,2,taskloop_simd,"CHANGE_ASSIGNMENT, REMOVE_DEPENDENCY"
tests/5.1/allocate/test_calloc_host.c,2,2,allocate,"CHANGE_CONFIGURATION, CHANGE_LOOP_BOUND"
tests/5.1/allocate/test_allocate_allocator_align.c,2,2,allocate,"CHANGE_LOOP_BOUND, CHANGE_MAPPING"
tests/5.0/target_teams_distribute/test_target_teams_distribute_reduction_subtract.c,2,2,target_teams_distribute,"CHANGE_ASSIGNMENT, REMOVE_CLAUSE"
tests/5.0/target_teams_distribute/test_target_teams_distribute_reduction_bitxor.c,2,2,target_teams_distribute,"CHANGE_ASSIGNMENT, CHANGE_OPERATOR"
tests/5.0/task/test_task_depend_mutexinoutset.c,2,2,task,"REMOVE_DEPENDENCY, REMOVE_SYNCHRONIZATION"
tests/5.0/target/test_target_map_with_close_modifier.c,2,2,target,"CHANGE_ASSIGNMENT, CHANGE_CONSTANT"
tests/5.0/target/test_target_parallel_is_dev_ptr.c,2,2,target,"CHANGE_ASSIGNMENT, CHANGE_VARIABLE"
tests/5.0/target/test_target_parallel_reduction.c,2,2,target,"CHANGE_ASSIGNMENT, REMOVE_CLAUSE"
tests/5.0/target/test_target_teams_is_device_ptr.c,2,2,target,"CHANGE_CONFIGURATION, REMOVE_CONSTRUCT"
tests/5.0/target/test_target_teams_num_teams.c,2,2,target,"CHANGE_ASSIGNMENT, CHANGE_MAPPING"
tests/5.0/task/test_task_affinity_device.c,2,2,task,"CHANGE_ASSIGNMENT, REMOVE_CONSTRUCT"
tests/5.0/task/test_parallel_for_reduction_task_device.c,2,2,task,"CHANGE_ASSIGNMENT, REMOVE_DEPENDENCY"
tests/5.0/target_teams_distribute_parallel_for/test_target_teams_distribute_parallel_for_collapse.c,2,2,target_teams_distribute_parallel_for,"CHANGE_ASSIGNMENT, CHANGE_MAPPING"
tests/5.0/taskgroup/test_taskgroup_task_reduction_device.c,2,2,taskgroup,"CHANGE_OPERATOR, REMOVE_DEPENDENCY"
tests/5.0/task/test_task_detach.c,2,2,task,"REMOVE_CONSTRUCT, REMOVE_DEPENDENCY"
tests/5.0/task/test_task_in_reduction_device.c,2,2,task,"CHANGE_ASSIGNMENT, REMOVE_DEPENDENCY"
tests/5.0/target_parallel_loop/test_target_parallel_loop_reduction.c,2,1,target_parallel_loop,CHANGE_OPERATOR
tests/5.0/target_requires/test_target_requires_atomic_default_mem_order_acq_rel.c,2,2,target_requires,"CHANGE_CLAUSE, CHANGE_CONSTANT"
tests/5.0/target_requires/test_target_requires_atomic_default_mem_order_seq_cst.c,2,2,target_requires,"CHANGE_CLAUSE, CHANGE_CONSTANT"
tests/5.0/target_simd/test_target_simd_order_concurrent.c,2,1,target_simd,CHANGE_ASSIGNMENT
tests/5.0/target_teams_distribute/test_target_teams_distribute_reduction_add.c,2,2,target_teams_distribute,"CHANGE_ASSIGNMENT, REMOVE_CLAUSE"
tests/5.0/target/test_target_defaultmap_none.c,2,1,target,CHANGE_MAPPING
tests/5.0/target/test_target_in_reduction.c,2,2,target,"CHANGE_CONSTANT, REMOVE_DEPENDENCY"
tests/5.0/target/test_target_imperfect_loop.c,2,2,target,"CHANGE_MAPPING, CHANGE_OPERATOR"
tests/5.0/target/test_target_teams_reduction.c,2,2,target,"CHANGE_CONFIGURATION, REMOVE_CLAUSE"
tests/5.0/target_data/test_target_data_use_device_addr.c,2,2,target_data,"CHANGE_CONSTANT, REMOVE_CONSTRUCT"
tests/5.0/target_data/test_target_data_use_device_ptr.c,2,2,target_data,"CHANGE_OPERATOR, REMOVE_CONSTRUCT"
tests/5.2/ordered/test_ordered_doacross_omp_cur_iteration.c,2,1,ordered,REMOVE_DEPENDENCY
tests/5.0/target_parallel_loop/test_target_parallel_loop_collapse.c,2,2,target_parallel_loop,"CHANGE_ASSIGNMENT, CHANGE_MAPPING"
tests/5.0/target_parallel_loop/test_target_parallel_loop_private.c,2,2,target_parallel_loop,"CHANGE_ASSIGNMENT, CHANGE_CONFIGURATION"
tests/5.0/target_parallel_loop/test_target_parallel_loop_lastprivate.c,2,2,target_parallel_loop,"CHANGE_ASSIGNMENT, CHANGE_CONSTANT"
tests/5.0/target_parallel_loop/test_target_parallel_loop_order.c,2,1,target_parallel_loop,CHANGE_ASSIGNMENT
tests/5.2/declare_target/test_declare_target_enter.c,2,2,declare_target,"CHANGE_CONSTANT, CHANGE_MAPPING"
tests/5.2/declare_target/test_declare_target_enter_device_type_any.c,2,2,declare_target,"CHANGE_CONSTANT, CHANGE_MAPPING"
tests/5.2/declare_target/test_declare_target_enter_device_type_host.c,2,2,declare_target,"CHANGE_CONSTANT, CHANGE_MAPPING"
tests/5.2/ordered/test_ordered_doacross.c,2,1,ordered,REMOVE_DEPENDENCY
tests/4.5/target/test_target_map_pointer_no_map_type_modifier.c,2,2,target,"CHANGE_CONFIGURATION, CHANGE_MAPPING"
tests/5.1/taskloop/test_taskloop_grainsize_strict.c,2,2,taskloop,"CHANGE_LOOP_BOUND, REMOVE_CLAUSE"
tests/5.1/teams/test_teams_set_num_teams.c,2,1,teams,CHANGE_CONFIGURATION
tests/5.1/taskloop/test_taskloop_numtask_strict.c,2,2,taskloop,"CHANGE_LOOP_BOUND, REMOVE_CLAUSE"
tests/4.5/target/test_target_map_pointer.c,2,2,target,"CHANGE_CONFIGURATION, CHANGE_MAPPING"
tests/4.5/target/test_target_map_local_array.c,2,2,target,"CHANGE_CONFIGURATION, CHANGE_MAPPING"
tests/4.5/target/test_target_is_device_ptr.c,2,2,target,"CHANGE_CONFIGURATION, CHANGE_OPERATOR"
tests/4.5/offloading_success.c,2,2,offloading_success.c,"CHANGE_MAPPING, CHANGE_RUNTIME_CALL"
tests/4.5/declare_target/test_declare_target_to_extended_list.c,2,2,declare_target,"CHANGE_ASSIGNMENT, CHANGE_MAPPING"
tests/4.5/declare_target/test_declare_target_link_extended_list.c,2,2,declare_target,"CHANGE_MAPPING, REMOVE_CONSTRUCT"
tests/4.5/declare_target/test_declare_target_extended_list.c,2,2,declare_target,"CHANGE_ASSIGNMENT, CHANGE_MAPPING"
tests/4.5/declare_target/test_declare_target_end_declare_target.c,2,2,declare_target,"CHANGE_ASSIGNMENT, CHANGE_MAPPING"
tests/4.5/target/test_target_device.c,1,1,target,CHANGE_ASSIGNMENT
tests/4.5/target/test_target_device1.c,1,1,target,CHANGE_ASSIGNMENT
tests/4.5/target/test_target_firstprivate.c,1,1,target,CHANGE_CONSTANT
tests/5.1/teams/test_target_teams_thread_limit.c,1,1,teams,CHANGE_CONFIGURATION
tests/5.2/declare_target/test_declare_target_enter_device_type_nohost.c,1,1,declare_target,CHANGE_MAPPING
tests/5.2/declare_target/test_declare_target_enter_device_type_nohost1.c,1,1,declare_target,CHANGE_MAPPING
tests/5.2/scope/test_scope_allocate_construct.c,1,1,scope,REMOVE_CLAUSE
tests/5.2/scope/test_scope_firstprivate_construct.c,1,1,scope,CHANGE_CLAUSE
tests/5.0/target_requires/test_target_requires_atomic_default_mem_order_relaxed.c,1,1,target_requires,REMOVE_SYNCHRONIZATION
tests/5.0/target_simd/test_target_simd_if.c,1,1,target_simd,CHANGE_ASSIGNMENT
tests/5.0/target_simd/test_target_simd_nontemporal.c,1,1,target_simd,CHANGE_ASSIGNMENT
tests/5.0/target/test_target_defaultmap_firstprivate.c,1,1,target,CHANGE_MAPPING
tests/5.0/target/test_target_parallel_default.c,1,1,target,CHANGE_CONSTANT
tests/5.0/target/test_target_task_depend_mutexinoutset.c,1,1,target,CHANGE_ASSIGNMENT
tests/5.0/target_teams_distribute/test_target_teams_distribute_reduction_multiply.c,1,1,target_teams_distribute,CHANGE_ASSIGNMENT
tests/5.0/task/test_task_in_reduction.c,1,1,task,REMOVE_DEPENDENCY
tests/5.0/parallel_for/test_parallel_for_notequals.c,1,1,parallel_for,CHANGE_LOOP_BOUND
tests/5.0/parallel_for_simd/test_parallel_for_simd_atomic.c,1,1,parallel_for_simd,REMOVE_SYNCHRONIZATION
tests/5.0/parallel_master_taskloop_simd/test_parallel_master_taskloop_simd.c,1,1,parallel_master_taskloop_simd,REMOVE_CLAUSE
tests/5.0/requires/test_requires_unified_shared_memory_omp_target_alloc_is_device_ptr.c,1,1,requires,CHANGE_CONFIGURATION
tests/5.0/loop/test_loop_reduction_bitxor.c,1,1,loop_reduction,CHANGE_OPERATOR
tests/5.0/loop/test_loop_reduction_bitxor_device.c,1,1,loop,CHANGE_OPERATOR
tests/5.0/loop/test_loop_reduction_max.c,1,1,loop_reduction,CHANGE_OPERATOR
tests/5.0/loop/test_loop_reduction_min.c,1,1,loop_reduction,CHANGE_OPERATOR
tests/5.0/loop/test_loop_reduction_multiply_device.c,1,1,loop,CHANGE_ASSIGNMENT
tests/5.0/loop/test_loop_reduction_or.c,1,1,loop_reduction,CHANGE_OPERATOR
tests/5.0/master_taskloop/test_master_taskloop.c,1,1,master_taskloop,REMOVE_CONSTRUCT
tests/5.0/master_taskloop_simd/test_master_taskloop_simd.c,1,1,master_taskloop_simd,REMOVE_CONSTRUCT
tests/5.0/metadirective/test_metadirective_arch_is_nvidia.c,1,1,metadirective,CHANGE_MAPPING
tests/5.0/parallel_for/test_parallel_for_lastprivate_conditional.c,1,1,parallel_for,CHANGE_CONDITION
tests/5.0/teams/test_teams_distribute_default_none.c,1,1,teams,CHANGE_LOOP_BOUND
tests/5.0/teams_loop/test_target_teams_loop_depend.c,1,1,teams_loop,CHANGE_ASSIGNMENT
tests/5.0/teams_loop/test_target_teams_loop_is_device_ptr.c,1,1,teams_loop,CHANGE_ASSIGNMENT
tests/5.0/teams_loop/test_target_teams_loop_nowait.c,1,1,teams_loop,CHANGE_ASSIGNMENT
tests/5.1/allocate/test_aligned_calloc.c,1,1,allocate,CHANGE_LOOP_BOUND
tests/5.0/loop/test_loop_lastprivate_device.c,1,1,loop,CHANGE_OPERATOR
tests/5.0/loop/test_loop_order_concurrent_device.c,1,1,loop,CHANGE_ASSIGNMENT
tests/5.0/loop/test_loop_reduction_add.c,1,1,loop_reduction,CHANGE_OPERATOR
tests/5.0/loop/test_loop_reduction_add_mod.c,1,1,loop_reduction,CHANGE_OPERATOR
tests/5.0/loop/test_loop_reduction_and.c,1,1,loop_reduction,CHANGE_OPERATOR
tests/5.0/loop/test_loop_reduction_bitand.c,1,1,loop_reduction,CHANGE_OPERATOR
tests/5.0/loop/test_loop_reduction_bitor.c,1,1,loop_reduction,CHANGE_OPERATOR
tests/4.5/taskloop/test_taskloop_num_tasks.c,1,1,taskloop,REMOVE_SYNCHRONIZATION
tests/4.5/taskloop/test_taskloop_simd_shared.c,1,1,taskloop,CHANGE_CLAUSE
tests/5.0/allocate/test_allocate_allocator.c,1,1,allocate,CHANGE_CONFIGURATION
tests/5.0/atomic/test_atomic_hint.c,1,1,atomic,REMOVE_SYNCHRONIZATION
tests/5.0/atomic/test_atomic_num_hint.c,1,1,atomic,REMOVE_SYNCHRONIZATION
tests/5.0/declare_target/test_declare_target_device_type_nohost.c,1,1,declare_target,CHANGE_CONSTANT
tests/5.0/declare_target/test_declare_target_device_type_nohost1.c,1,1,declare_target,CHANGE_MAPPING
tests/5.1/allocate/test_omp_aligned_alloc_host.c,1,1,allocate,CHANGE_LOOP_BOUND
tests/5.1/allocate/test_omp_alloctrait_key.c,1,1,allocate,CHANGE_LOOP_BOUND
tests/4.5/target_teams_distribute_parallel_for/test_target_teams_distribute_parallel_for_thread_limit.c,1,1,target_teams_distribute_parallel_for,CHANGE_CONFIGURATION
tests/4.5/task/test_target_and_task_nowait.c,1,1,task,CHANGE_ASSIGNMENT
tests/4.5/task/test_task_ThrdPrivate.c,1,1,task,CHANGE_CONDITION
tests/4.5/task/test_task_if.c,1,1,task,CHANGE_CONDITION
tests/4.5/task/test_task_lock.c,1,1,task,REMOVE_STATEMENT
tests/4.5/taskloop/test_target_taskloop_shared.c,1,1,taskloop,CHANGE_ASSIGNMENT
tests/4.5/taskloop/test_taskloop_collapse.c,1,1,taskloop,REMOVE_SYNCHRONIZATION
tests/4.5/taskloop/test_taskloop_final.c,1,1,taskloop,CHANGE_CONFIGURATION
tests/4.5/taskloop/test_taskloop_firstprivate.c,1,1,taskloop,CHANGE_CLAUSE
tests/4.5/target_teams_distribute_parallel_for/test_target_teams_distribute_parallel_for_devices.c,1,1,target_teams_distribute_parallel_for,CHANGE_VARIABLE
tests/4.5/target_teams_distribute_parallel_for/test_target_teams_distribute_parallel_for_dist_schedule.c,1,1,target_teams_distribute_parallel_for,CHANGE_RUNTIME_CALL
tests/5.1/default/test_task_default_firstprivate.c,1,1,default,CHANGE_CLAUSE
tests/5.1/default/test_task_target_default_firstprivate.c,1,1,default,CHANGE_CLAUSE
tests/5.1/depend/test_depend_inoutset.c,1,1,depend,REMOVE_CONSTRUCT
tests/5.1/dispatch/test_dispatch.c,1,1,dispatch,CHANGE_ASSIGNMENT
tests/4.5/target_teams_distribute/test_target_teams_distribute_reduction_multiply.c,1,1,target_teams_distribute,CHANGE_ASSIGNMENT
tests/4.5/target_teams_distribute/test_target_teams_distribute_thread_limit.c,1,1,target_teams_distribute,CHANGE_CONFIGURATION
tests/5.1/memory_routines/test_get_mapped_ptr.c,1,1,memory_routines,CHANGE_MAPPING
tests/5.1/metadirective/test_metadirective_device.c,1,1,metadirective,CHANGE_ASSIGNMENT
tests/5.1/metadirective/test_metadirective_nothing.c,1,1,metadirective,CHANGE_MAPPING
tests/5.1/metadirective/test_metadirective_target_device_kind.c,1,1,metadirective,CHANGE_ASSIGNMENT
tests/5.1/metadirective/test_metadirective_target_device_kind_any.c,1,1,metadirective,CHANGE_ASSIGNMENT
tests/5.1/metadirective/test_metadirective_target_device_num.c,1,1,metadirective,CHANGE_ASSIGNMENT
tests/5.1/order/test_taskloop_simd_order_reproducible_device.c,1,1,order,CHANGE_ASSIGNMENT
tests/4.5/target_teams_distribute/test_target_teams_distribute_depend_array_section.c,1,1,target_teams_distribute,CHANGE_OPERATOR
tests/4.5/target_teams_distribute/test_target_teams_distribute_depend_disjoint_section.c,1,1,target_teams_distribute,CHANGE_OPERATOR
tests/4.5/target_teams_distribute/test_target_teams_distribute_depend_in_in.c,1,1,target_teams_distribute,CHANGE_CONSTANT
tests/4.5/target_teams_distribute/test_target_teams_distribute_depend_in_out.c,1,1,target_teams_distribute,CHANGE_OPERATOR
tests/4.5/target_teams_distribute/test_target_teams_distribute_depend_list.c,1,1,target_teams_distribute,CHANGE_OPERATOR
tests/4.5/target_teams_distribute/test_target_teams_distribute_depend_out_in.c,1,1,target_teams_distribute,CHANGE_OPERATOR
tests/4.5/target_teams_distribute/test_target_teams_distribute_depend_out_out.c,1,1,target_teams_distribute,CHANGE_OPERATOR
tests/4.5/target_teams_distribute/test_target_teams_distribute_depend_unused_data.c,1,1,target_teams_distribute,CHANGE_OPERATOR
tests/4.5/target_teams_distribute/test_target_teams_distribute_device.c,1,1,target_teams_distribute,CHANGE_MAPPING
tests/4.5/target_enter_exit_data/test_target_enter_exit_data_devices.c,1,1,target_enter_exit_data,CHANGE_MAPPING
tests/4.5/target_enter_exit_data/test_target_enter_exit_data_map_malloced_array.c,1,1,target_enter_exit_data,CHANGE_MAPPING
tests/4.5/target/test_target_private.c,1,1,target,CHANGE_CONFIGURATION
tests/4.5/target_data/test_target_data_map_alloc.c,1,1,target_data,CHANGE_RUNTIME_CALL
tests/4.5/target_data/test_target_data_map_devices.c,1,1,target_data,CHANGE_MAPPING
tests/4.5/target_data/test_target_data_pointer_swap.c,1,1,target_data,REMOVE_CONSTRUCT
tests/5.1/scope/test_scope_private_construct.c,1,1,scope,REMOVE_CLAUSE
tests/5.1/target/test_target_defaultmap_present_pointer.c,1,1,target,CHANGE_CONSTANT
tests/5.1/target/test_target_map_with_present_modifier.c,1,1,target,CHANGE_OPERATOR
tests/5.1/target/test_target_memcpy_async_depobj.c,1,1,target,CHANGE_CONSTANT
tests/5.1/target/test_target_memcpy_async_no_obj.c,1,1,target,CHANGE_ASSIGNMENT
tests/5.1/target/test_target_memcpy_rect_async_depobj.c,1,1,target,CHANGE_CONSTANT
tests/5.1/target/test_target_memcpy_rect_async_no_obj.c,1,1,target,CHANGE_CONSTANT
tests/5.1/target/test_target_thread_limit.c,1,1,target,CHANGE_CONFIGURATION
tests/5.1/target_update/test_target_update_to_present.c,1,1,target_update,CHANGE_CONSTANT
tests/4.5/application_kernels/omp_default_device.c,1,1,application_kernels,CHANGE_CONFIGURATION
tests/6.0/target/test_target_data.c,1,1,target,CHANGE_CONSTANT
tests/6.0/target/test_target_teams_groupprivate.c,1,1,target,CHANGE_ASSIGNMENT
tests/6.0/target/test_target_teams_groupprivate_devicetype_any.c,1,1,target,CHANGE_ASSIGNMENT
tests/4.5/application_kernels/mmm_target_parallel_for_simd.c,1,1,application_kernels,CHANGE_MAPPING
tests/6.0/taskgraph/test_taskgraph_id.c,1,1,taskgraph,CHANGE_LOOP_BOUND
tests/6.0/taskgraph/test_taskgraph_nogroup.c,1,1,taskgraph,CHANGE_LOOP_BOUND
tests/6.0/taskgraph/test_taskgraph_reset.c,1,1,taskgraph,CHANGE_LOOP_BOUND
