bug_type,count
SKIP_LAST_ITERATION,38
REMOVE_REDUCTION,38
MULTIPLY_TO_ADD,34
TARGET_MAP_TOFROM_TO_TO,18
UPDATE_FROM_TO_TO,14
MAP_TOFROM_TO_TO,12
MAP_TOFROM_A_TO_TO,6
WRONG_INCREMENT,6
ASSIGN_I_TO_ZERO,6
REMOVE_SINGLE,6
REMOVE_ATOMIC_UPDATE,6
REMOVE_IN_REDUCTION,6
REMOVE_ATOMIC,6
MAP_TOFROM_X_TO_TO,6
SKIP_LAST_ITER,5
UPDATE_TO_TO_FROM,5
EXIT_DATA_FROM_TO_DELETE,5
MAP_FROM_C_TO_TO,5
D_COMPUTE_PLUS_TO_MINUS,5
ADD_TO_SUBTRACT,5
WRONG_INCREMENT_AMOUNT,5
ACCUMULATE_TO_ASSIGN,5
COMPARE_WRITE_WRONG_VALUE,4
REMOVE_USE_DEVICE_ADDR,4
BODY_ADD_TO_SUB,4
ASSIGN_I_TO_I_PLUS1,4
REMOVE_UNIFIED_SHARED_MEMORY,4
DEFAULT_FIRSTPRIVATE_TO_SHARED,4
REDUCTION_MAX_TO_MIN,4
WRONG_ASSIGNMENT,4
MAP_TOFROM_B_TO_TO,4
REDUCTION_MIN_TO_MAX,4
REMOVE_TASKWAIT,3
BODY_OR_TO_AND,3
COMPARE_EQ_TO_NEQ,3
TARGET_MAP_FROM_TO_TO,3
BODY_BITAND_TO_BITOR,3
REMOVE_USM,3
BODY_SUB_TO_ADD,3
ADD_TO_SUB,3
BODY_MUL_TO_ADD,3
THREE_K_TO_TWO_K,3
REDUCTION_OR_TO_AND,3
REMOVE_DEPEND,3
MAP_TOFROM_ARRAY_TO_TO,3
DEVICE_PLUS_TO_MINUS,3
REDUCTION_BITAND_TO_BITOR,3
REDUCTION_AND_TO_OR,3
PTR_ASSIGN_I_TO_ZERO,3
MULTIPLY_2_TO_3,3
REMOVE_PARALLEL,3
REDUCTION_BITXOR_TO_BITOR,3
REDUCTION_BITOR_TO_BITAND,3
BODY_BITOR_TO_BITAND,3
HOST_DEVICE_ALPHA_INVERTED,3
MAPPER_REMOVE_DATA_SECTION,3
A_PLUS_TO_MINUS,3
MAP_FROM_X_TO_TO,3
BIND_PARALLEL_TO_THREAD,3
WRONG_DECLARE_TARGET_COMPUTE,3
WRONG_LOOP_BODY_ASSIGNMENT,3
REMOVE_USE_DEVICE_PTR,2
REMOVE_TARGET_ENTER_DATA,2
REMOVE_TRANSPARENT_CLAUSE,2
SHARED_TO_PRIVATE,2
STEP2_TO3,2
BODY_BITXOR_TO_BITOR,2
BODY_FMAX_TO_FMIN,2
BODY_FMIN_TO_FMAX,2
THREAD_LIMIT_DOUBLE,2
ALIGNED_CLAUSE_64_TO_8,2
BODY_AND_TO_OR,2
THREADSET_POOL_TO_TEAM,2
TEAM_NUM_PLUS_ONE,2
X_PLUS_TO_MINUS,2
WRONG_PREFIX_OUTPUT_INDEX,2
X_2I_TO_I,2
X_10_TO_9,2
TARGET_DATA_TOFROM_TO_TO,2
STRIDE_2_TO_1,2
CALLOC_TO_ALLOC,2
REMOVE_DEFAULT_FIRSTPRIVATE,2
REMOVE_ATOMIC_CAPTURE,2
REDUCTION_PLUS_TO_MINUS,2
REMOVE_ATOMIC_DECREMENT,2
REMOVE_ATOMIC_COMPARE,2
REMOVE_HAS_DEVICE_ADDR,2
REMOVE_PRIVATE,2
C_ADD_B_TO_SUB_B,2
COPY_FROM_ARRAY_TO_ZERO,2
MASTER_TASKLOOP_TO_TASKLOOP,2
NUM_THREADS_TO_THREAD_NUM,2
PARALLEL_MASTER_TASKLOOP_SIMD_TO_PARALLEL_TASKLOOP_SIMD,2
PLUS1_TO_MINUS1,2
PREFIX_SUM_PLUS_TO_MINUS,2
PLUS1_TO_PLUS2,2
PRIVATIZED_RESET_ZERO_TO_ONE,2
DEFAULTMAP_TOFROM_TO_TO,2
REMOVE_DOACROSS_SINK,2
REMOVE_DOACROSS_SOURCE,2
REMOVE_FIRSTPRIVATE,2
INIT_I_TO_ZERO,2
MAP_TOFROM_ARR_TO_TO,2
MASTER_TASKLOOP_SIMD_TO_TASKLOOP_SIMD,2
MAP_TOFROM_C_TO_TO,2
DEVICE_PLUS10_TO_PLUS9,2
HOST_ACCUM_PLUS_TO_MINUS,2
HOST_BRANCH_INCREMENT_1_TO_2,2
IF_GE_TO_GT,2
INDUCTION_MUL_TO_ADD,2
MAP_FROM_TO_TO,2
FIRSTPRIVATE_TO_PRIVATE,2
BIND_TEAMS_TO_THREAD,2
GET_NUM_TEAMS_TO_TEAM_NUM,2
WRONG_RETURN_UPDATE,2
WRONG_RUNTIME_QUERY,2
UPDATE_A_PLUS1_TO_PLUS2,2
VARIANT_WRONG_ASSIGNMENT,2
Y_PLUS2_TO_MINUS2,2
WRONG_FIB_COMBINE,2
WRONG_EXPECTED_OMP_PLACES,2
WRONG_ENV_VAR_NAME,2
ARRAY_LASTPRIVATE_MULTIPLY_TO_ADD,1
WRONG_EXPECTED_MAX_TEAMS,1
WRONG_EXPECTED_TEAMS_THREAD_LIMIT,1
WRONG_FILTER_THREAD,1
WRONG_HOST_ACCUMULATION,1
Y_INCREMENT_TO_PLUS2,1
ACCESSIBLE_TRUE_BRANCH_INVERTED,1
ACCESSIBLE_CHECK_INVERTED,1
ADD_DEV_PLUS_ONE_TO_DEV,1
A_2J_TO_J,1
ATOMIC_MEM_ORDER_SEQ_CST_TO_RELAXED,1
ATOMIC_MEM_ORDER_ACQ_REL_TO_RELAXED,1
ASSIGN_ZERO,1
ASSIGN_PMAX_TO_ZERO,1
ASSIGN_2_TO_3,1
ANCESTOR_TO_DEVICE_NUM,1
ALLOC_ALIGNMENT_64_TO_32,1
ALLOCATOR_DEFAULT_TO_NULL,1
ALIGN_64_TO_8_CALLOC,1
ALIGN_64_TO_8_ALLOC,1
ADD_TO_NOOP,1
ASSIGN1_TO2,1
ARR_TEAM_NUM_TO_THREAD_NUM,1
ARR_INIT_PLUS_ONE_TO_PLUS_TWO,1
ARRAY_REDUCTION_PLUS_TO_MINUS,1
EXIT_DATA_DEFAULT_TO_DELETE,1
ENTER_EXIT_IF_GT_TO_LT,1
ENTER_DATA_X_TO_ALLOC,1
ENTER_DATA_TO_TO_ALLOC,1
ENTER_DATA_IF_GT_TO_LT,1
ENTER_DATA_DEFAULT_TO_FROM,1
FIRSTIZED_10_TO_11,1
FINAL_TO_ZERO,1
FINAL_ONE_TO_ZERO_NESTED,1
FINAL_ONE_TO_ZERO_ADVANCED,1
FINAL_ISFINAL_TO_NOT_ISFINAL,1
FALSE_BRANCH_INCREMENT_1_TO_2,1
EXIT_DATA_FROM_X_TO_DELETE,1
EXIT_DATA_FROM_SINGLE_TO_DELETE,1
EXIT_DATA_FROM_HEAP_TO_DELETE,1
BITXOR_TO_BITOR,1
FORCE_ONE_TEAM,1
FMIN_TO_FMAX,1
FMAX_TO_FMIN,1
FIVE_I_TO_FOUR_I,1
FIRSTPRIVATE_TEAMS_TO_PRIVATE,1
FIRSTPRIVATE_TARGET_TO_PRIVATE,1
FIRSTPRIVATE_PTR_REMOVED,1
BASE_WRONG_ASSIGNMENT,1
A_PLUS5_TO_MINUS5,1
A_PLUS1_TO_PLUS2,1
A_I2_TO_I,1
A_DOUBLE_TO_ZERO,1
A_ASSIGN_I_TO_ZERO,1
A_ASSIGN_5_TO_4,1
A_ADD_TO_SUB,1
EXIT_DATA_FROM_B_TO_DELETE,1
IF_INVERT,1
IF0_TO_IF1_FIRST_TASK,1
IF0_TO_IF1,1
I2_TO_I3,1
HOST_PLUS10_TO_PLUS9,1
HOSTVAR_CHECK_INVERTED,1
GET_TEAM_NUM_TO_NUM_TEAMS,1
GET_NUM_THREADS_TO_NUM_TEAMS,1
GET_NUM_THREADS_TO_GET_NUM_TEAMS,1
GET_NUM_TEAMS_TO_GET_TEAM_NUM,1
GET_NUM_TEAMS_TO_GET_NUM_THREADS,1
GET_DEVICE_NUM_TO_INITIAL_DEVICE,1
GET_DEVICE_NUM_TO_INITIAL,1
F_COMPUTE_PLUS_TO_MINUS,1
FUN2_RETURN_10_TO_11,1
FOUR_L_TO_THREE_L,1
LASTPRIVATE_TO_PRIVATE,1
LASTPRIVATE_TO_FIRSTPRIVATE,1
LASTPRIVATE_CONDITIONAL_TO_LASTPRIVATE,1
I_PLUS_ASCLR_TO_I_MINUS_ASCLR,1
ITERATOR_TO_TO,1
ITERATOR_RANGE_N_TO_N_MINUS_1,1
ITERATOR_N_TO_N_MINUS_1,1
IS_INITIAL_DEVICE_NEGATED,1
INNER_PLUS1_TO_PLUS2,1
INDEX_MINUS_128_TO_127,1
INCREMENT_TO_PLUS2,1
INCREMENT_TO_DECREMENT,1
INCREMENT_ONE_TO_TWO,1
IF_TO_ZERO,1
IF_TARGET_TO_PARALLEL,1
IF_PARALLEL_TO_TARGET,1
MAP_FROM_ARRAYCOPY_TO_TO,1
MAP_FROM_A3D2_TO_TO,1
MAP_FROM_A1D_TO_TO,1
MAP_EXIT_FROM_TO_TO_HEAD,1
MAP_ENTER_TO_TO_FROM,1
MAP_DEFAULT_TO_TO,1
MAP_DEFAULT_POINTER_TO_TO,1
MAP_DEFAULT_NEW_SCALAR_TO_TO,1
MAP_ALLOC_TO_TOFROM,1
MAPPER_TOFROM_TO_TO,1
MAPPER_FROM_TO_TO,1
LOGICAL_OR_TO_AND,1
LOGICAL_AND_TO_OR,1
LOCAL_TO_ENTER,1
LINEAR_STEP_2_TO_1,1
LEN_N_TO_N_MINUS1,1
DEVICE_PLUS10_TO_PLUS11,1
DEVICE_NUM_TO_ANCESTOR,1
DEVICE_INCREMENT_1_TO_2,1
DEVICE_DATA_14_TO_13,1
DEVICE_COPY_SOURCE_TO_ZERO,1
DEVICE_ASSIGN_I_TO_ZERO,1
MAP_FROM_TO_TO_REDUCTION,1
MAP_FROM_TO_TO_ATOMIC,1
MAP_FROM_STACK_TO_TO,1
MAP_FROM_RETVAL_TO_TO,1
MAP_FROM_OUTPUT_TO_TO,1
MAP_FROM_MATRIX_TO_TO,1
MAP_FROM_ISHOST_TO_TO,1
MAP_FROM_HEAP_TO_TO,1
MAP_FROM_B_TO_TO,1
MAP_FROM_A_TO_TO,1
MAP_TO_HEAP_TO_FROM,1
MAP_TOFROM_STACK_TO_TO,1
MAP_TOFROM_RESULT_TO_TO,1
MAP_TOFROM_NUM_THREADS_TO_TO,1
MAP_TOFROM_NUM_TEAMS_TO_TO,1
MAP_TOFROM_HEAP_TO_TO,1
MAP_TOFROM_D_TO_TO,1
MAP_TOFROM_DATA_TO_TO,1
D_ACCUM_PLUS_TO_MINUS,1
D_70_TO_69,1
DEVICE_TYPE_NOHOST_TO_HOST,1
DEVICE_TASK_OR_TO_AND,1
DEVICE_TASK1_OR_TO_AND,1
DEVICE_RESULT_PLUS_TO_MINUS,1
DEVICE_PTR_TO_NULL,1
DEVICE_PLUS2_TO_PLUS1,1
NUM_TEAMS_HALF_TO_DOUBLE,1
NUM_TEAMS_FIRST_VALUE_ZERO,1
NOWAIT_ARG_TO_ZERO,1
NEQ_TO_LT_N_MINUS_1,1
MULTIPLY_TO_PLUS,1
MULTIPLY2_TO_MULTIPLY3,1
MULT2_TO_MULT3,1
MULT2_TO3,1
MIN_TO_MAX,1
MEMBER_B_INIT_I_TO_ZERO,1
MAX_TO_MIN,1
MAP_TO_TO_FROM,1
MAP_TO_STACK_TO_FROM,1
MAP_TO_SINGLE_TO_ALLOC,1
MAP_TO_INPUT_TO_FROM,1
MAP_TO_INPUTS_TO_ALLOC,1
PLUS_TO_MINUS_LARGE_CAP,1
PLUS_TO_MINUS_HIGH_BW,1
PLUS_TO_MINUS_DEFAULT,1
PLUS_TO_MINUS_CGROUP,1
PLUS_I_TO_MINUS_I,1
PLUS_DEVID_TO_MINUS_DEVID,1
PLUS9_TO_PLUS8,1
PLUS5_TO_MINUS5,1
PIN_DEVICE_INITIAL_TO_DEFAULT,1
PARALLEL_VARIANT_MATCH_TO_TARGET,1
PARALLEL_MASTER_TO_PARALLEL,1
PARALLEL_MASTER_TASKLOOP_TO_PARALLEL_TASKLOOP,1
OTHERWISE_TARGET_TO_NOTHING,1
OMP_IS_INITIAL_DEVICE_TO_ONE,1
OMP_ALL_MEMORY_TO_X,1
NUM_THREADS_FIRST_VALUE_ZERO,1
C_SCALE_2_TO_3,1
C_PLUS_B_TO_MINUS_B,1
PTR_STACK_INCREMENT_TO_ASSIGN,1
PTR_STACK_INCREMENT_2_TO_1,1
PTR_HEAP_INCREMENT_TO_ASSIGN,1
PRIV_VAL_ZERO_TO_ONE,1
PRIVATIZED_MINUS_TO_PLUS,1
PRIVATIZED_INIT_ZERO_TO_ONE,1
PRIVATIZED_INIT_0_TO_1,1
PRESENT_TO_NO_PRESENT,1
PREFIX_PLUS_TO_MINUS,1
POW_EXPONENT_2_TO_3,1
PLUS_Y_TO_MINUS_Y,1
PLUS_TO_MULTIPLY_MULTI,1
PLUS_TO_MULTIPLY,1
PLUS_TO_MINUS_LOW_LAT,1
REL_OP_NEQ_TO_LT,1
REDUCTION_PLUS_TO_MULTIPLY,1
PVAL_ASSIGN_FPVAL_TO_ZERO,1
PTR_WRITE_2_PLUS_I_TO_3_PLUS_I,1
DEVICE_ANCESTOR_TO_DEFAULT,1
DEVICE_ADDRESS_TO_NULL,1
DEVICE10_TO20,1
DEFAULT_STRUCT_TO_EXPLICIT_TO,1
DEFAULTMAP_TO_TOFROM,1
DEFAULTMAP_TOFROM_TO_FIRSTPRIVATE,1
DEFAULTMAP_TOFROM_TO,1
DEFAULTMAP_OFF_SCALAR_CHAR_CHANGED,1
DEFAULTMAP_FROM_TO,1
DEFAULTMAP_FIRSTPRIVATE_TO_TOFROM,1
DEFAULTMAP_DEFAULT_TO_TO,1
DATA2_PLUS_TO_MINUS,1
REMOVE_ATOMIC_SHARE,1
REMOVE_ATOMIC_RELEASE,1
REMOVE_ATOMIC_READ,1
REMOVE_ATOMIC_CONTENDED_NONSPEC,1
REMOVE_ALWAYS_MODIFIER,1
REMOVE_ALLOCATE_THREAD,1
REMOVE_ALLOCATE_PTEAM,1
REMOVE_ALLOCATE_LOW_LAT,1
REMOVE_ALLOCATE_LOCAL,1
REMOVE_ALLOCATE_LARGE_CAP,1
REMOVE_ALLOCATE_HIGH_BW,1
REMOVE_ALLOCATE_DEFAULT,1
REMOVE_ALLOCATE_CONST,1
REMOVE_ALLOCATE_CLAUSE,1
REMOVE_ALLOCATE_CGROUP,1
REMOVE_ADJUST_ARGS,1
REMOVE_EXPLICIT_TASK,1
REMOVE_DIST_CHUNK_SIZE,1
REMOVE_DISPATCH_NOWAIT,1
REMOVE_DISPATCH,1
REMOVE_DETACH,1
REMOVE_DEPEND_OUT_Y,1
REMOVE_DEPEND_OUT_FIRST_TARGET,1
REMOVE_DEPEND_IN_XY,1
REMOVE_DEPEND_IN_C,1
REMOVE_DEPEND_INOUT,1
REMOVE_DECLARE_TARGET_LINK,1
REMOVE_DECLARE_TARGET_BLOCK,1
REMOVE_BARRIER,1
REMOVE_ATOMIC_WRITE_INIT,1
REMOVE_ATOMIC_USED_HINT,1
REMOVE_ATOMIC_UNUSED_ENUM,1
REMOVE_INTEROP_INIT_DEPEND,1
REMOVE_INTEROP_DESTROY_DEPEND,1
REMOVE_INTERCHANGE,1
REMOVE_INDIRECT,1
REMOVE_IN1_FROM_ENTER_DATA_MAP,1
REMOVE_FIRST_SINGLE,1
REMOVE_FIRSTPRIVATE_X_LOW_LAT,1
REMOVE_FIRSTPRIVATE_X_LARGE_CAP,1
REMOVE_FIRSTPRIVATE_X_HIGH_BW,1
REMOVE_FIRSTPRIVATE_X_DEFAULT,1
REMOVE_FIRSTPRIVATE_X_CONST,1
REMOVE_FIRSTPRIVATE_X_CGROUP,1
REMOVE_FIRSTPRIVATE_X,1
REMOVE_FIRSTPRIVATE_LOCAL,1
REMOVE_FIRSTPRIVATE_HOSTVAR,1
REMOVE_FILTER,1
COPY_VALUE_PLUS_ONE,1
COPY_FROM_PTR_TO_ZERO,1
COPY_DEV_PTR_TO_ZERO,1
COPY_A_TO_ZERO,1
COND_123_TO_122,1
COMPUTE_PLUS_TO_MINUS,1
REMOVE_OUT_DEPEND,1
REMOVE_OUTER_HEAP_MAP,1
REMOVE_OMP_ALL_MEMORY_DEPEND,1
REMOVE_MUTEXINOUTSET_T5,1
REMOVE_MASKED,1
REMOVE_LOOP_DIRECTIVE_TEAMS,1
REMOVE_LOCK_COUNTPRIME,1
REMOVE_LINEAR,1
REMOVE_LASTPRIVATE_SCALAR,1
REMOVE_IS_DEVICE_PTR_A,1
REMOVE_REVERSE_OFFLOAD,1
REMOVE_REVERSE,1
REMOVE_PRIVATE_X_THREAD,1
REMOVE_PRIVATE_PTEAM_RESULT,1
REMOVE_PRIVATE_FROM_SCOPE_ALLOCATE,1
REMOVE_PRIVATE_A,1
REMOVE_PARALLEL_SEVERITY_REGION,1
REMOVE_PARALLEL_MESSAGE_REGION,1
C_COMPUTE_PLUS_TO_MINUS,1
C_ASSIGN_ZERO,1
C_ADD_TO_SUB,1
C_2X_TO_3X,1
COUNT_CHECK_123_TO_122,1
COUNTER_INCREMENT_BY_TWO,1
COUNTER_INC2,1
COPY_X_TO_ZERO,1
REPLACE_EXPLICIT_TASK_QUERY_WITH_ZERO,1
REMOVE_TRANSPARENT_TASK,1
REMOVE_TASK_DEPEND_Y,1
REMOVE_TASK_DEPEND_X,1
REMOVE_TASK_DEPEND_SCALAR,1
REMOVE_TASK_DEPEND_ARRAY,1
REMOVE_TASKWAIT_NOWAIT_DEPEND,1
REMOVE_TASKWAIT_DEPEND_XY,1
REMOVE_TASKWAIT_DEPEND_X,1
REMOVE_TASKGRAPH,1
REMOVE_TARGET_UPDATE_FROM,1
REMOVE_TARGET_EXIT_DELETE,1
REMOVE_TARGET,1
REMOVE_SHARED_SUM,1
REMOVE_SCOPE_REDUCTION,1
REMOVE_SCALAR_FROM_TARGET_MAP,1
SCHEDULE_STATIC8_TO_STATIC4,1
SCALAR_PLUS53_TO_PLUS52,1
SCALAR_PLUS25_TO_PLUS24,1
SCALAR_INT_WRONG_VALUE,1
SCALAR_INT_33_TO_34,1
SCALAR_FROM_13_TO_14,1
SCALAR_ENUM_VAL4_TO_VAL3,1
SCALAR_20_TO_21,1
SCALAR_20_TO_19,1
SCALAR_1_TO_2,1
RETURN_VALUE_0_TO_1,1
RESULT_PLUS_TO_MINUS,1
RESULT_AND_TO_OR,1
RESET_INTERVAL_8_TO_4,1
REPLACE_OMP_IS_INITIAL_DEVICE_WITH_ONE,1
REPLACE_IMPLICIT_TASK_QUERY_WITH_ONE,1
B_PLUS2_TO_PLUS1,1
B_ADD_TO_SUB,1
STACK_ASSIGN_2_TO_1,1
SQUARE_TO_DOUBLE,1
SKIP_LAST_TEAM,1
SKIP_LAST_ELEMENT,1
SINGLE_A_1_TO_0,1
SHARE_SHARED_TO_PRIVATE,1
SHARE_PLUS_TO_MINUS,1
SHARE_INIT_5_TO_6,1
SEVERITY_WARNING_TO_FATAL,1
SET_TEAMS_THREAD_LIMIT_MINUS_ONE,1
SET_NUM_TEAMS_WRONG_VALUE,1
SET_NUM_TEAMS_MINUS_ONE,1
SECOND_MAP_TO_TOFROM,1
SECOND_DEVICE_TO_FIRST,1
TARGET_ACCESS_SINGLE_TO_ALL,1
SUM_INC_TO_DEC,1
STRUCT_S_7_TO_8,1
STRUCT_S_10_TO_9,1
STRUCT_SINGLE_A_ONE_TO_ZERO,1
STRUCT_COPY_B_PLUS_ONE,1
STRUCT_ARRAY_A_ONE_TO_ZERO,1
COMPUTE_INCREMENT_I_TO_I_PLUS_ONE,1
COMPARE_GT_TO_LT,1
COMPARE_GREATER_TO_LESS,1
COLLAPSE_3_TO_2,1
CHECK10_TO15,1
CAN_ASSUME_TRUE_TO_FALSE,1
CANNOT_ASSUME_FALSE_TO_TRUE,1
B_PLUS_TO_MINUS,1
B_PLUS_A_TO_MINUS_A,1
A0_5_TO_4,1
WRONG_PARALLEL_VARIANT_SELECTOR,1
WRONG_NUM_TEAMS_OVERRIDE,1
TARGET_WRITE_100_TO_99,1
TARGET_VARIANT_MATCH_TO_PARALLEL,1
TARGET_REMOVE_IN_REDUCTION,1
TARGET_MEMCPY_WRONG_DIRECTION,1
TARGET_IF_GT_TO_GE,1
TARGET_FUNCTION_PLUS1_TO_PLUS2,1
TARGET_FREE_WRONG_DEVICE,1
TARGET_DEVICE_I_TO_0,1
TARGET_DATA_IF_PROC_TO_NOTPROC,1
TARGET_DATA_IF_GT_TO_LT,1
TARGET_COMPUTE_PLUS_TO_MINUS,1
TARGET_B_2I_TO_3I,1
TARGET_ALLOC_WRONG_DEVICE,1
ADD_DEV_TO_ADD_ONE,1
ARRAY_FIELD_1_TO_0,1
ARRAY_ASSIGN_10_TO_9,1
WRONG_PREFIX_INDEX,1
X_PLUS1_TO_PLUS2,1
X_INC_TO_PLUS2,1
WRONG_ASSIGNMENT_SCALE,1
WRONG_C_ASSIGNMENT_TO_ZERO,1
WRONG_WHEN_CONTEXT,1
TOTAL_PLUS_TO_MINUS,1
TILE_SIZE_4_TO_2,1
TILE_SIZE_3_TO_4,1
TICKET_INCREMENT_TO_NOOP,1
THREAD_NUM_PLUS_ONE,1
THREAD_LIMIT_FIRST_VALUE_ZERO,1
A_ADD_I_TO_SUB_I,1
BITOR_TO_BITAND,1
BITAND_TO_BITOR,1
BIND_THREAD_TO_TEAMS,1
BIND_THREAD_TO_PARALLEL,1
WRONG_TIME_ASSIGNMENT,1
WRONG_TARGET_VARIANT_SELECTOR,1
WRONG_SCAN_UPDATE,1
WRONG_PRODUCT_OPERATOR,1
ZERO_LENGTH_POINTER_TO_FULL_MAP,1
WRONG_ARRAY_UPDATE,1
VARIANT_NOHOST_TO_HOST,1
VAL_PLUS2_TO_PLUS1,1
UPDATE_MUL3_TO_MUL2,1
UPDATE_B_X2_TO_X3,1
TWO_I_TO_I,1
ADD_NUM_THREADS_ONE,1
