timestamp,run_kind,dataset_token,source_dataset,mcq_questions,model_id,mode,fewshot_k,layers,strength,seed,accuracy,invalid_rate,correct,invalid,total,cache_path,vector_path,eval_limit,eval_start
1764478220.6022327,steered,tssb_mcq_k0_seed42,,mcq_cache/steering_100/tssb/mcq/tssb_mcq_k0_seed42.json,meta-llama/CodeLlama-7b-Instruct-hf,steered,0,"17,18,19,20,21",1.0,42,0.493,0.0,2465,0,5000,mcq_cache/steering_100/tssb/steered_tssb_mcq_k0_seed42_meta-llama-CodeLlama-7b-Instruct-hf_k0_L17_18_19_20_21_a1p0_seed42_es0_el5000.json,vectors/python/correctness_vector_100_codellama-7b-instruct-hf_pca_center_suffix.svec,5000,0
1764479259.6246223,steered,tssb_mcq_k0_seed42,,mcq_cache/steering_100/tssb/mcq/tssb_mcq_k0_seed42.json,meta-llama/CodeLlama-7b-Instruct-hf,steered,0,"17,18,19,20,21",1.5,42,0.4924,0.0,2462,0,5000,mcq_cache/steering_100/tssb/steered_tssb_mcq_k0_seed42_meta-llama-CodeLlama-7b-Instruct-hf_k0_L17_18_19_20_21_a1p5_seed42_es0_el5000.json,vectors/python/correctness_vector_100_codellama-7b-instruct-hf_pca_center_suffix.svec,5000,0
1764480294.4474816,steered,tssb_mcq_k0_seed42,,mcq_cache/steering_100/tssb/mcq/tssb_mcq_k0_seed42.json,meta-llama/CodeLlama-7b-Instruct-hf,steered,0,"17,18,19,20,21",2.0,42,0.4922,0.0,2461,0,5000,mcq_cache/steering_100/tssb/steered_tssb_mcq_k0_seed42_meta-llama-CodeLlama-7b-Instruct-hf_k0_L17_18_19_20_21_a2p0_seed42_es0_el5000.json,vectors/python/correctness_vector_100_codellama-7b-instruct-hf_pca_center_suffix.svec,5000,0
1764481333.9794064,steered,tssb_mcq_k0_seed42,,mcq_cache/steering_100/tssb/mcq/tssb_mcq_k0_seed42.json,meta-llama/CodeLlama-7b-Instruct-hf,steered,0,"17,18,19,20,21",2.5,42,0.4922,0.0,2461,0,5000,mcq_cache/steering_100/tssb/steered_tssb_mcq_k0_seed42_meta-llama-CodeLlama-7b-Instruct-hf_k0_L17_18_19_20_21_a2p5_seed42_es0_el5000.json,vectors/python/correctness_vector_100_codellama-7b-instruct-hf_pca_center_suffix.svec,5000,0
1764482364.3579626,steered,tssb_mcq_k0_seed42,,mcq_cache/steering_100/tssb/mcq/tssb_mcq_k0_seed42.json,meta-llama/CodeLlama-7b-Instruct-hf,steered,0,"17,18,19,20,21",3.0,42,0.4924,0.0,2462,0,5000,mcq_cache/steering_100/tssb/steered_tssb_mcq_k0_seed42_meta-llama-CodeLlama-7b-Instruct-hf_k0_L17_18_19_20_21_a3p0_seed42_es0_el5000.json,vectors/python/correctness_vector_100_codellama-7b-instruct-hf_pca_center_suffix.svec,5000,0
1764483371.3170304,steered,tssb_mcq_k0_seed42,,mcq_cache/steering_100/tssb/mcq/tssb_mcq_k0_seed42.json,meta-llama/CodeLlama-7b-Instruct-hf,steered,0,"19,20,21,22,23",1.0,42,0.4924,0.0,2462,0,5000,mcq_cache/steering_100/tssb/steered_tssb_mcq_k0_seed42_meta-llama-CodeLlama-7b-Instruct-hf_k0_L19_20_21_22_23_a1p0_seed42_es0_el5000.json,vectors/python/correctness_vector_100_codellama-7b-instruct-hf_pca_center_suffix.svec,5000,0
1764484366.4087443,steered,tssb_mcq_k0_seed42,,mcq_cache/steering_100/tssb/mcq/tssb_mcq_k0_seed42.json,meta-llama/CodeLlama-7b-Instruct-hf,steered,0,"19,20,21,22,23",1.5,42,0.4926,0.0,2463,0,5000,mcq_cache/steering_100/tssb/steered_tssb_mcq_k0_seed42_meta-llama-CodeLlama-7b-Instruct-hf_k0_L19_20_21_22_23_a1p5_seed42_es0_el5000.json,vectors/python/correctness_vector_100_codellama-7b-instruct-hf_pca_center_suffix.svec,5000,0
1764485362.998421,steered,tssb_mcq_k0_seed42,,mcq_cache/steering_100/tssb/mcq/tssb_mcq_k0_seed42.json,meta-llama/CodeLlama-7b-Instruct-hf,steered,0,"19,20,21,22,23",2.0,42,0.4926,0.0,2463,0,5000,mcq_cache/steering_100/tssb/steered_tssb_mcq_k0_seed42_meta-llama-CodeLlama-7b-Instruct-hf_k0_L19_20_21_22_23_a2p0_seed42_es0_el5000.json,vectors/python/correctness_vector_100_codellama-7b-instruct-hf_pca_center_suffix.svec,5000,0
1764486354.8014262,steered,tssb_mcq_k0_seed42,,mcq_cache/steering_100/tssb/mcq/tssb_mcq_k0_seed42.json,meta-llama/CodeLlama-7b-Instruct-hf,steered,0,"19,20,21,22,23",2.5,42,0.4926,0.0,2463,0,5000,mcq_cache/steering_100/tssb/steered_tssb_mcq_k0_seed42_meta-llama-CodeLlama-7b-Instruct-hf_k0_L19_20_21_22_23_a2p5_seed42_es0_el5000.json,vectors/python/correctness_vector_100_codellama-7b-instruct-hf_pca_center_suffix.svec,5000,0
1764487344.9549668,steered,tssb_mcq_k0_seed42,,mcq_cache/steering_100/tssb/mcq/tssb_mcq_k0_seed42.json,meta-llama/CodeLlama-7b-Instruct-hf,steered,0,"19,20,21,22,23",3.0,42,0.493,0.0,2465,0,5000,mcq_cache/steering_100/tssb/steered_tssb_mcq_k0_seed42_meta-llama-CodeLlama-7b-Instruct-hf_k0_L19_20_21_22_23_a3p0_seed42_es0_el5000.json,vectors/python/correctness_vector_100_codellama-7b-instruct-hf_pca_center_suffix.svec,5000,0
1764488317.9172287,steered,tssb_mcq_k0_seed42,,mcq_cache/steering_100/tssb/mcq/tssb_mcq_k0_seed42.json,meta-llama/CodeLlama-7b-Instruct-hf,steered,0,"21,22,23,24,25",1.0,42,0.4932,0.0,2466,0,5000,mcq_cache/steering_100/tssb/steered_tssb_mcq_k0_seed42_meta-llama-CodeLlama-7b-Instruct-hf_k0_L21_22_23_24_25_a1p0_seed42_es0_el5000.json,vectors/python/correctness_vector_100_codellama-7b-instruct-hf_pca_center_suffix.svec,5000,0
1764489274.5087378,steered,tssb_mcq_k0_seed42,,mcq_cache/steering_100/tssb/mcq/tssb_mcq_k0_seed42.json,meta-llama/CodeLlama-7b-Instruct-hf,steered,0,"21,22,23,24,25",1.5,42,0.4932,0.0,2466,0,5000,mcq_cache/steering_100/tssb/steered_tssb_mcq_k0_seed42_meta-llama-CodeLlama-7b-Instruct-hf_k0_L21_22_23_24_25_a1p5_seed42_es0_el5000.json,vectors/python/correctness_vector_100_codellama-7b-instruct-hf_pca_center_suffix.svec,5000,0
1764490222.1075876,steered,tssb_mcq_k0_seed42,,mcq_cache/steering_100/tssb/mcq/tssb_mcq_k0_seed42.json,meta-llama/CodeLlama-7b-Instruct-hf,steered,0,"21,22,23,24,25",2.0,42,0.4932,0.0,2466,0,5000,mcq_cache/steering_100/tssb/steered_tssb_mcq_k0_seed42_meta-llama-CodeLlama-7b-Instruct-hf_k0_L21_22_23_24_25_a2p0_seed42_es0_el5000.json,vectors/python/correctness_vector_100_codellama-7b-instruct-hf_pca_center_suffix.svec,5000,0
1764491153.6275945,steered,tssb_mcq_k0_seed42,,mcq_cache/steering_100/tssb/mcq/tssb_mcq_k0_seed42.json,meta-llama/CodeLlama-7b-Instruct-hf,steered,0,"21,22,23,24,25",2.5,42,0.4932,0.0,2466,0,5000,mcq_cache/steering_100/tssb/steered_tssb_mcq_k0_seed42_meta-llama-CodeLlama-7b-Instruct-hf_k0_L21_22_23_24_25_a2p5_seed42_es0_el5000.json,vectors/python/correctness_vector_100_codellama-7b-instruct-hf_pca_center_suffix.svec,5000,0
1764492083.1729987,steered,tssb_mcq_k0_seed42,,mcq_cache/steering_100/tssb/mcq/tssb_mcq_k0_seed42.json,meta-llama/CodeLlama-7b-Instruct-hf,steered,0,"21,22,23,24,25",3.0,42,0.4928,0.0,2464,0,5000,mcq_cache/steering_100/tssb/steered_tssb_mcq_k0_seed42_meta-llama-CodeLlama-7b-Instruct-hf_k0_L21_22_23_24_25_a3p0_seed42_es0_el5000.json,vectors/python/correctness_vector_100_codellama-7b-instruct-hf_pca_center_suffix.svec,5000,0
1764492680.1885312,steered,tssb_mcq_k0_seed42,,mcq_cache/steering_100/tssb/mcq/tssb_mcq_k0_seed42.json,Qwen/Qwen2.5-7B-Instruct,steered,0,"14,15,16,17,18",1.0,42,0.578,0.0,2890,0,5000,mcq_cache/steering_100/tssb/steered_tssb_mcq_k0_seed42_Qwen-Qwen2.5-7B-Instruct_k0_L14_15_16_17_18_a1p0_seed42_es0_el5000.json,vectors/python/correctness_vector_100_qwen2-5-7b-instruct_pca_center_suffix.svec,5000,0
1764493171.5485234,steered,tssb_mcq_k0_seed42,,mcq_cache/steering_100/tssb/mcq/tssb_mcq_k0_seed42.json,Qwen/Qwen2.5-7B-Instruct,steered,0,"14,15,16,17,18",1.5,42,0.5742,0.0,2871,0,5000,mcq_cache/steering_100/tssb/steered_tssb_mcq_k0_seed42_Qwen-Qwen2.5-7B-Instruct_k0_L14_15_16_17_18_a1p5_seed42_es0_el5000.json,vectors/python/correctness_vector_100_qwen2-5-7b-instruct_pca_center_suffix.svec,5000,0
1764493668.101399,steered,tssb_mcq_k0_seed42,,mcq_cache/steering_100/tssb/mcq/tssb_mcq_k0_seed42.json,Qwen/Qwen2.5-7B-Instruct,steered,0,"14,15,16,17,18",2.0,42,0.5724,0.0,2862,0,5000,mcq_cache/steering_100/tssb/steered_tssb_mcq_k0_seed42_Qwen-Qwen2.5-7B-Instruct_k0_L14_15_16_17_18_a2p0_seed42_es0_el5000.json,vectors/python/correctness_vector_100_qwen2-5-7b-instruct_pca_center_suffix.svec,5000,0
1764494159.4470265,steered,tssb_mcq_k0_seed42,,mcq_cache/steering_100/tssb/mcq/tssb_mcq_k0_seed42.json,Qwen/Qwen2.5-7B-Instruct,steered,0,"14,15,16,17,18",2.5,42,0.5734,0.0,2867,0,5000,mcq_cache/steering_100/tssb/steered_tssb_mcq_k0_seed42_Qwen-Qwen2.5-7B-Instruct_k0_L14_15_16_17_18_a2p5_seed42_es0_el5000.json,vectors/python/correctness_vector_100_qwen2-5-7b-instruct_pca_center_suffix.svec,5000,0
1764494651.7188964,steered,tssb_mcq_k0_seed42,,mcq_cache/steering_100/tssb/mcq/tssb_mcq_k0_seed42.json,Qwen/Qwen2.5-7B-Instruct,steered,0,"14,15,16,17,18",3.0,42,0.5724,0.0,2862,0,5000,mcq_cache/steering_100/tssb/steered_tssb_mcq_k0_seed42_Qwen-Qwen2.5-7B-Instruct_k0_L14_15_16_17_18_a3p0_seed42_es0_el5000.json,vectors/python/correctness_vector_100_qwen2-5-7b-instruct_pca_center_suffix.svec,5000,0
1764495143.59389,steered,tssb_mcq_k0_seed42,,mcq_cache/steering_100/tssb/mcq/tssb_mcq_k0_seed42.json,Qwen/Qwen2.5-7B-Instruct,steered,0,"16,17,18,19,20",1.0,42,0.5728,0.0,2864,0,5000,mcq_cache/steering_100/tssb/steered_tssb_mcq_k0_seed42_Qwen-Qwen2.5-7B-Instruct_k0_L16_17_18_19_20_a1p0_seed42_es0_el5000.json,vectors/python/correctness_vector_100_qwen2-5-7b-instruct_pca_center_suffix.svec,5000,0
1764495634.0819128,steered,tssb_mcq_k0_seed42,,mcq_cache/steering_100/tssb/mcq/tssb_mcq_k0_seed42.json,Qwen/Qwen2.5-7B-Instruct,steered,0,"16,17,18,19,20",1.5,42,0.5688,0.0,2844,0,5000,mcq_cache/steering_100/tssb/steered_tssb_mcq_k0_seed42_Qwen-Qwen2.5-7B-Instruct_k0_L16_17_18_19_20_a1p5_seed42_es0_el5000.json,vectors/python/correctness_vector_100_qwen2-5-7b-instruct_pca_center_suffix.svec,5000,0
1764496127.7947543,steered,tssb_mcq_k0_seed42,,mcq_cache/steering_100/tssb/mcq/tssb_mcq_k0_seed42.json,Qwen/Qwen2.5-7B-Instruct,steered,0,"16,17,18,19,20",2.0,42,0.5684,0.0,2842,0,5000,mcq_cache/steering_100/tssb/steered_tssb_mcq_k0_seed42_Qwen-Qwen2.5-7B-Instruct_k0_L16_17_18_19_20_a2p0_seed42_es0_el5000.json,vectors/python/correctness_vector_100_qwen2-5-7b-instruct_pca_center_suffix.svec,5000,0
1764496620.3047025,steered,tssb_mcq_k0_seed42,,mcq_cache/steering_100/tssb/mcq/tssb_mcq_k0_seed42.json,Qwen/Qwen2.5-7B-Instruct,steered,0,"16,17,18,19,20",2.5,42,0.5662,0.0,2831,0,5000,mcq_cache/steering_100/tssb/steered_tssb_mcq_k0_seed42_Qwen-Qwen2.5-7B-Instruct_k0_L16_17_18_19_20_a2p5_seed42_es0_el5000.json,vectors/python/correctness_vector_100_qwen2-5-7b-instruct_pca_center_suffix.svec,5000,0
1764497113.9764347,steered,tssb_mcq_k0_seed42,,mcq_cache/steering_100/tssb/mcq/tssb_mcq_k0_seed42.json,Qwen/Qwen2.5-7B-Instruct,steered,0,"16,17,18,19,20",3.0,42,0.5648,0.0,2824,0,5000,mcq_cache/steering_100/tssb/steered_tssb_mcq_k0_seed42_Qwen-Qwen2.5-7B-Instruct_k0_L16_17_18_19_20_a3p0_seed42_es0_el5000.json,vectors/python/correctness_vector_100_qwen2-5-7b-instruct_pca_center_suffix.svec,5000,0
1764497602.519885,steered,tssb_mcq_k0_seed42,,mcq_cache/steering_100/tssb/mcq/tssb_mcq_k0_seed42.json,Qwen/Qwen2.5-7B-Instruct,steered,0,"18,19,20,21,22",1.0,42,0.5766,0.0,2883,0,5000,mcq_cache/steering_100/tssb/steered_tssb_mcq_k0_seed42_Qwen-Qwen2.5-7B-Instruct_k0_L18_19_20_21_22_a1p0_seed42_es0_el5000.json,vectors/python/correctness_vector_100_qwen2-5-7b-instruct_pca_center_suffix.svec,5000,0
1764498095.252322,steered,tssb_mcq_k0_seed42,,mcq_cache/steering_100/tssb/mcq/tssb_mcq_k0_seed42.json,Qwen/Qwen2.5-7B-Instruct,steered,0,"18,19,20,21,22",1.5,42,0.5766,0.0,2883,0,5000,mcq_cache/steering_100/tssb/steered_tssb_mcq_k0_seed42_Qwen-Qwen2.5-7B-Instruct_k0_L18_19_20_21_22_a1p5_seed42_es0_el5000.json,vectors/python/correctness_vector_100_qwen2-5-7b-instruct_pca_center_suffix.svec,5000,0
1764498582.9807706,steered,tssb_mcq_k0_seed42,,mcq_cache/steering_100/tssb/mcq/tssb_mcq_k0_seed42.json,Qwen/Qwen2.5-7B-Instruct,steered,0,"18,19,20,21,22",2.0,42,0.5746,0.0,2873,0,5000,mcq_cache/steering_100/tssb/steered_tssb_mcq_k0_seed42_Qwen-Qwen2.5-7B-Instruct_k0_L18_19_20_21_22_a2p0_seed42_es0_el5000.json,vectors/python/correctness_vector_100_qwen2-5-7b-instruct_pca_center_suffix.svec,5000,0
1764499078.1554847,steered,tssb_mcq_k0_seed42,,mcq_cache/steering_100/tssb/mcq/tssb_mcq_k0_seed42.json,Qwen/Qwen2.5-7B-Instruct,steered,0,"18,19,20,21,22",2.5,42,0.5746,0.0,2873,0,5000,mcq_cache/steering_100/tssb/steered_tssb_mcq_k0_seed42_Qwen-Qwen2.5-7B-Instruct_k0_L18_19_20_21_22_a2p5_seed42_es0_el5000.json,vectors/python/correctness_vector_100_qwen2-5-7b-instruct_pca_center_suffix.svec,5000,0
1764499569.699499,steered,tssb_mcq_k0_seed42,,mcq_cache/steering_100/tssb/mcq/tssb_mcq_k0_seed42.json,Qwen/Qwen2.5-7B-Instruct,steered,0,"18,19,20,21,22",3.0,42,0.575,0.0,2875,0,5000,mcq_cache/steering_100/tssb/steered_tssb_mcq_k0_seed42_Qwen-Qwen2.5-7B-Instruct_k0_L18_19_20_21_22_a3p0_seed42_es0_el5000.json,vectors/python/correctness_vector_100_qwen2-5-7b-instruct_pca_center_suffix.svec,5000,0
1764500113.4962318,steered,tssb_mcq_k0_seed42,,mcq_cache/steering_100/tssb/mcq/tssb_mcq_k0_seed42.json,Qwen/Qwen2.5-Coder-7B-Instruct,steered,0,"6,7,8,9,10",1.0,42,0.6242,0.0,3121,0,5000,mcq_cache/steering_100/tssb/steered_tssb_mcq_k0_seed42_Qwen-Qwen2.5-Coder-7B-Instruct_k0_L6_7_8_9_10_a1p0_seed42_es0_el5000.json,vectors/python/correctness_vector_100_qwen2-5-coder-7b-instruct_pca_center_suffix.svec,5000,0
1764500629.3707948,steered,tssb_mcq_k0_seed42,,mcq_cache/steering_100/tssb/mcq/tssb_mcq_k0_seed42.json,Qwen/Qwen2.5-Coder-7B-Instruct,steered,0,"6,7,8,9,10",1.5,42,0.6266,0.0,3133,0,5000,mcq_cache/steering_100/tssb/steered_tssb_mcq_k0_seed42_Qwen-Qwen2.5-Coder-7B-Instruct_k0_L6_7_8_9_10_a1p5_seed42_es0_el5000.json,vectors/python/correctness_vector_100_qwen2-5-coder-7b-instruct_pca_center_suffix.svec,5000,0
1764501151.1743772,steered,tssb_mcq_k0_seed42,,mcq_cache/steering_100/tssb/mcq/tssb_mcq_k0_seed42.json,Qwen/Qwen2.5-Coder-7B-Instruct,steered,0,"6,7,8,9,10",2.0,42,0.6278,0.0,3139,0,5000,mcq_cache/steering_100/tssb/steered_tssb_mcq_k0_seed42_Qwen-Qwen2.5-Coder-7B-Instruct_k0_L6_7_8_9_10_a2p0_seed42_es0_el5000.json,vectors/python/correctness_vector_100_qwen2-5-coder-7b-instruct_pca_center_suffix.svec,5000,0
1764501673.699295,steered,tssb_mcq_k0_seed42,,mcq_cache/steering_100/tssb/mcq/tssb_mcq_k0_seed42.json,Qwen/Qwen2.5-Coder-7B-Instruct,steered,0,"6,7,8,9,10",2.5,42,0.6284,0.0,3142,0,5000,mcq_cache/steering_100/tssb/steered_tssb_mcq_k0_seed42_Qwen-Qwen2.5-Coder-7B-Instruct_k0_L6_7_8_9_10_a2p5_seed42_es0_el5000.json,vectors/python/correctness_vector_100_qwen2-5-coder-7b-instruct_pca_center_suffix.svec,5000,0
1764502196.5562024,steered,tssb_mcq_k0_seed42,,mcq_cache/steering_100/tssb/mcq/tssb_mcq_k0_seed42.json,Qwen/Qwen2.5-Coder-7B-Instruct,steered,0,"6,7,8,9,10",3.0,42,0.6282,0.0,3141,0,5000,mcq_cache/steering_100/tssb/steered_tssb_mcq_k0_seed42_Qwen-Qwen2.5-Coder-7B-Instruct_k0_L6_7_8_9_10_a3p0_seed42_es0_el5000.json,vectors/python/correctness_vector_100_qwen2-5-coder-7b-instruct_pca_center_suffix.svec,5000,0
1764502706.7136035,steered,tssb_mcq_k0_seed42,,mcq_cache/steering_100/tssb/mcq/tssb_mcq_k0_seed42.json,Qwen/Qwen2.5-Coder-7B-Instruct,steered,0,"8,9,10,11,12",1.0,42,0.623,0.0,3115,0,5000,mcq_cache/steering_100/tssb/steered_tssb_mcq_k0_seed42_Qwen-Qwen2.5-Coder-7B-Instruct_k0_L8_9_10_11_12_a1p0_seed42_es0_el5000.json,vectors/python/correctness_vector_100_qwen2-5-coder-7b-instruct_pca_center_suffix.svec,5000,0
1764503215.113957,steered,tssb_mcq_k0_seed42,,mcq_cache/steering_100/tssb/mcq/tssb_mcq_k0_seed42.json,Qwen/Qwen2.5-Coder-7B-Instruct,steered,0,"8,9,10,11,12",1.5,42,0.621,0.0,3105,0,5000,mcq_cache/steering_100/tssb/steered_tssb_mcq_k0_seed42_Qwen-Qwen2.5-Coder-7B-Instruct_k0_L8_9_10_11_12_a1p5_seed42_es0_el5000.json,vectors/python/correctness_vector_100_qwen2-5-coder-7b-instruct_pca_center_suffix.svec,5000,0
1764503730.1434524,steered,tssb_mcq_k0_seed42,,mcq_cache/steering_100/tssb/mcq/tssb_mcq_k0_seed42.json,Qwen/Qwen2.5-Coder-7B-Instruct,steered,0,"8,9,10,11,12",2.0,42,0.6208,0.0,3104,0,5000,mcq_cache/steering_100/tssb/steered_tssb_mcq_k0_seed42_Qwen-Qwen2.5-Coder-7B-Instruct_k0_L8_9_10_11_12_a2p0_seed42_es0_el5000.json,vectors/python/correctness_vector_100_qwen2-5-coder-7b-instruct_pca_center_suffix.svec,5000,0
1764504245.2332978,steered,tssb_mcq_k0_seed42,,mcq_cache/steering_100/tssb/mcq/tssb_mcq_k0_seed42.json,Qwen/Qwen2.5-Coder-7B-Instruct,steered,0,"8,9,10,11,12",2.5,42,0.6186,0.0,3093,0,5000,mcq_cache/steering_100/tssb/steered_tssb_mcq_k0_seed42_Qwen-Qwen2.5-Coder-7B-Instruct_k0_L8_9_10_11_12_a2p5_seed42_es0_el5000.json,vectors/python/correctness_vector_100_qwen2-5-coder-7b-instruct_pca_center_suffix.svec,5000,0
1764504755.9248815,steered,tssb_mcq_k0_seed42,,mcq_cache/steering_100/tssb/mcq/tssb_mcq_k0_seed42.json,Qwen/Qwen2.5-Coder-7B-Instruct,steered,0,"8,9,10,11,12",3.0,42,0.6174,0.0,3087,0,5000,mcq_cache/steering_100/tssb/steered_tssb_mcq_k0_seed42_Qwen-Qwen2.5-Coder-7B-Instruct_k0_L8_9_10_11_12_a3p0_seed42_es0_el5000.json,vectors/python/correctness_vector_100_qwen2-5-coder-7b-instruct_pca_center_suffix.svec,5000,0
1764505266.0525155,steered,tssb_mcq_k0_seed42,,mcq_cache/steering_100/tssb/mcq/tssb_mcq_k0_seed42.json,Qwen/Qwen2.5-Coder-7B-Instruct,steered,0,"10,11,12,13,14",1.0,42,0.6174,0.0,3087,0,5000,mcq_cache/steering_100/tssb/steered_tssb_mcq_k0_seed42_Qwen-Qwen2.5-Coder-7B-Instruct_k0_L10_11_12_13_14_a1p0_seed42_es0_el5000.json,vectors/python/correctness_vector_100_qwen2-5-coder-7b-instruct_pca_center_suffix.svec,5000,0
1764505776.1781743,steered,tssb_mcq_k0_seed42,,mcq_cache/steering_100/tssb/mcq/tssb_mcq_k0_seed42.json,Qwen/Qwen2.5-Coder-7B-Instruct,steered,0,"10,11,12,13,14",1.5,42,0.614,0.0,3070,0,5000,mcq_cache/steering_100/tssb/steered_tssb_mcq_k0_seed42_Qwen-Qwen2.5-Coder-7B-Instruct_k0_L10_11_12_13_14_a1p5_seed42_es0_el5000.json,vectors/python/correctness_vector_100_qwen2-5-coder-7b-instruct_pca_center_suffix.svec,5000,0
1764506279.4199693,steered,tssb_mcq_k0_seed42,,mcq_cache/steering_100/tssb/mcq/tssb_mcq_k0_seed42.json,Qwen/Qwen2.5-Coder-7B-Instruct,steered,0,"10,11,12,13,14",2.0,42,0.6114,0.0,3057,0,5000,mcq_cache/steering_100/tssb/steered_tssb_mcq_k0_seed42_Qwen-Qwen2.5-Coder-7B-Instruct_k0_L10_11_12_13_14_a2p0_seed42_es0_el5000.json,vectors/python/correctness_vector_100_qwen2-5-coder-7b-instruct_pca_center_suffix.svec,5000,0
1764506784.7162228,steered,tssb_mcq_k0_seed42,,mcq_cache/steering_100/tssb/mcq/tssb_mcq_k0_seed42.json,Qwen/Qwen2.5-Coder-7B-Instruct,steered,0,"10,11,12,13,14",2.5,42,0.6084,0.0,3042,0,5000,mcq_cache/steering_100/tssb/steered_tssb_mcq_k0_seed42_Qwen-Qwen2.5-Coder-7B-Instruct_k0_L10_11_12_13_14_a2p5_seed42_es0_el5000.json,vectors/python/correctness_vector_100_qwen2-5-coder-7b-instruct_pca_center_suffix.svec,5000,0
1764507288.6712046,steered,tssb_mcq_k0_seed42,,mcq_cache/steering_100/tssb/mcq/tssb_mcq_k0_seed42.json,Qwen/Qwen2.5-Coder-7B-Instruct,steered,0,"10,11,12,13,14",3.0,42,0.6052,0.0,3026,0,5000,mcq_cache/steering_100/tssb/steered_tssb_mcq_k0_seed42_Qwen-Qwen2.5-Coder-7B-Instruct_k0_L10_11_12_13_14_a3p0_seed42_es0_el5000.json,vectors/python/correctness_vector_100_qwen2-5-coder-7b-instruct_pca_center_suffix.svec,5000,0
1764508174.708335,steered,tssb_mcq_k0_seed42,,mcq_cache/steering_100/tssb/mcq/tssb_mcq_k0_seed42.json,Qwen/Qwen2.5-Coder-14B-Instruct,steered,0,"19,20,21,22,23",1.0,42,0.6464,0.0,3232,0,5000,mcq_cache/steering_100/tssb/steered_tssb_mcq_k0_seed42_Qwen-Qwen2.5-Coder-14B-Instruct_k0_L19_20_21_22_23_a1p0_seed42_es0_el5000.json,vectors/python/correctness_vector_100_qwen2-5-coder-14b-instruct_pca_center_suffix.svec,5000,0
1764508978.26421,steered,tssb_mcq_k0_seed42,,mcq_cache/steering_100/tssb/mcq/tssb_mcq_k0_seed42.json,Qwen/Qwen2.5-Coder-14B-Instruct,steered,0,"19,20,21,22,23",1.5,42,0.6454,0.0,3227,0,5000,mcq_cache/steering_100/tssb/steered_tssb_mcq_k0_seed42_Qwen-Qwen2.5-Coder-14B-Instruct_k0_L19_20_21_22_23_a1p5_seed42_es0_el5000.json,vectors/python/correctness_vector_100_qwen2-5-coder-14b-instruct_pca_center_suffix.svec,5000,0
1764509780.8497894,steered,tssb_mcq_k0_seed42,,mcq_cache/steering_100/tssb/mcq/tssb_mcq_k0_seed42.json,Qwen/Qwen2.5-Coder-14B-Instruct,steered,0,"19,20,21,22,23",2.0,42,0.646,0.0,3230,0,5000,mcq_cache/steering_100/tssb/steered_tssb_mcq_k0_seed42_Qwen-Qwen2.5-Coder-14B-Instruct_k0_L19_20_21_22_23_a2p0_seed42_es0_el5000.json,vectors/python/correctness_vector_100_qwen2-5-coder-14b-instruct_pca_center_suffix.svec,5000,0
1764510590.4952378,steered,tssb_mcq_k0_seed42,,mcq_cache/steering_100/tssb/mcq/tssb_mcq_k0_seed42.json,Qwen/Qwen2.5-Coder-14B-Instruct,steered,0,"19,20,21,22,23",2.5,42,0.6456,0.0,3228,0,5000,mcq_cache/steering_100/tssb/steered_tssb_mcq_k0_seed42_Qwen-Qwen2.5-Coder-14B-Instruct_k0_L19_20_21_22_23_a2p5_seed42_es0_el5000.json,vectors/python/correctness_vector_100_qwen2-5-coder-14b-instruct_pca_center_suffix.svec,5000,0
1764511394.6815112,steered,tssb_mcq_k0_seed42,,mcq_cache/steering_100/tssb/mcq/tssb_mcq_k0_seed42.json,Qwen/Qwen2.5-Coder-14B-Instruct,steered,0,"19,20,21,22,23",3.0,42,0.6448,0.0,3224,0,5000,mcq_cache/steering_100/tssb/steered_tssb_mcq_k0_seed42_Qwen-Qwen2.5-Coder-14B-Instruct_k0_L19_20_21_22_23_a3p0_seed42_es0_el5000.json,vectors/python/correctness_vector_100_qwen2-5-coder-14b-instruct_pca_center_suffix.svec,5000,0
1764512208.7605631,steered,tssb_mcq_k0_seed42,,mcq_cache/steering_100/tssb/mcq/tssb_mcq_k0_seed42.json,Qwen/Qwen2.5-Coder-14B-Instruct,steered,0,"21,22,23,24,25",1.0,42,0.6464,0.0,3232,0,5000,mcq_cache/steering_100/tssb/steered_tssb_mcq_k0_seed42_Qwen-Qwen2.5-Coder-14B-Instruct_k0_L21_22_23_24_25_a1p0_seed42_es0_el5000.json,vectors/python/correctness_vector_100_qwen2-5-coder-14b-instruct_pca_center_suffix.svec,5000,0
1764513010.4308798,steered,tssb_mcq_k0_seed42,,mcq_cache/steering_100/tssb/mcq/tssb_mcq_k0_seed42.json,Qwen/Qwen2.5-Coder-14B-Instruct,steered,0,"21,22,23,24,25",1.5,42,0.6444,0.0,3222,0,5000,mcq_cache/steering_100/tssb/steered_tssb_mcq_k0_seed42_Qwen-Qwen2.5-Coder-14B-Instruct_k0_L21_22_23_24_25_a1p5_seed42_es0_el5000.json,vectors/python/correctness_vector_100_qwen2-5-coder-14b-instruct_pca_center_suffix.svec,5000,0
1764513816.1909323,steered,tssb_mcq_k0_seed42,,mcq_cache/steering_100/tssb/mcq/tssb_mcq_k0_seed42.json,Qwen/Qwen2.5-Coder-14B-Instruct,steered,0,"21,22,23,24,25",2.0,42,0.645,0.0,3225,0,5000,mcq_cache/steering_100/tssb/steered_tssb_mcq_k0_seed42_Qwen-Qwen2.5-Coder-14B-Instruct_k0_L21_22_23_24_25_a2p0_seed42_es0_el5000.json,vectors/python/correctness_vector_100_qwen2-5-coder-14b-instruct_pca_center_suffix.svec,5000,0
1764514620.24091,steered,tssb_mcq_k0_seed42,,mcq_cache/steering_100/tssb/mcq/tssb_mcq_k0_seed42.json,Qwen/Qwen2.5-Coder-14B-Instruct,steered,0,"21,22,23,24,25",2.5,42,0.6428,0.0,3214,0,5000,mcq_cache/steering_100/tssb/steered_tssb_mcq_k0_seed42_Qwen-Qwen2.5-Coder-14B-Instruct_k0_L21_22_23_24_25_a2p5_seed42_es0_el5000.json,vectors/python/correctness_vector_100_qwen2-5-coder-14b-instruct_pca_center_suffix.svec,5000,0
1764515425.5618386,steered,tssb_mcq_k0_seed42,,mcq_cache/steering_100/tssb/mcq/tssb_mcq_k0_seed42.json,Qwen/Qwen2.5-Coder-14B-Instruct,steered,0,"21,22,23,24,25",3.0,42,0.642,0.0,3210,0,5000,mcq_cache/steering_100/tssb/steered_tssb_mcq_k0_seed42_Qwen-Qwen2.5-Coder-14B-Instruct_k0_L21_22_23_24_25_a3p0_seed42_es0_el5000.json,vectors/python/correctness_vector_100_qwen2-5-coder-14b-instruct_pca_center_suffix.svec,5000,0
1764516228.3874724,steered,tssb_mcq_k0_seed42,,mcq_cache/steering_100/tssb/mcq/tssb_mcq_k0_seed42.json,Qwen/Qwen2.5-Coder-14B-Instruct,steered,0,"23,24,25,26,27",1.0,42,0.6466,0.0,3233,0,5000,mcq_cache/steering_100/tssb/steered_tssb_mcq_k0_seed42_Qwen-Qwen2.5-Coder-14B-Instruct_k0_L23_24_25_26_27_a1p0_seed42_es0_el5000.json,vectors/python/correctness_vector_100_qwen2-5-coder-14b-instruct_pca_center_suffix.svec,5000,0
1764517035.3695104,steered,tssb_mcq_k0_seed42,,mcq_cache/steering_100/tssb/mcq/tssb_mcq_k0_seed42.json,Qwen/Qwen2.5-Coder-14B-Instruct,steered,0,"23,24,25,26,27",1.5,42,0.6462,0.0,3231,0,5000,mcq_cache/steering_100/tssb/steered_tssb_mcq_k0_seed42_Qwen-Qwen2.5-Coder-14B-Instruct_k0_L23_24_25_26_27_a1p5_seed42_es0_el5000.json,vectors/python/correctness_vector_100_qwen2-5-coder-14b-instruct_pca_center_suffix.svec,5000,0
1764517841.6827428,steered,tssb_mcq_k0_seed42,,mcq_cache/steering_100/tssb/mcq/tssb_mcq_k0_seed42.json,Qwen/Qwen2.5-Coder-14B-Instruct,steered,0,"23,24,25,26,27",2.0,42,0.646,0.0,3230,0,5000,mcq_cache/steering_100/tssb/steered_tssb_mcq_k0_seed42_Qwen-Qwen2.5-Coder-14B-Instruct_k0_L23_24_25_26_27_a2p0_seed42_es0_el5000.json,vectors/python/correctness_vector_100_qwen2-5-coder-14b-instruct_pca_center_suffix.svec,5000,0
1764518645.1401446,steered,tssb_mcq_k0_seed42,,mcq_cache/steering_100/tssb/mcq/tssb_mcq_k0_seed42.json,Qwen/Qwen2.5-Coder-14B-Instruct,steered,0,"23,24,25,26,27",2.5,42,0.6448,0.0,3224,0,5000,mcq_cache/steering_100/tssb/steered_tssb_mcq_k0_seed42_Qwen-Qwen2.5-Coder-14B-Instruct_k0_L23_24_25_26_27_a2p5_seed42_es0_el5000.json,vectors/python/correctness_vector_100_qwen2-5-coder-14b-instruct_pca_center_suffix.svec,5000,0
1764519452.5775988,steered,tssb_mcq_k0_seed42,,mcq_cache/steering_100/tssb/mcq/tssb_mcq_k0_seed42.json,Qwen/Qwen2.5-Coder-14B-Instruct,steered,0,"23,24,25,26,27",3.0,42,0.6446,0.0,3223,0,5000,mcq_cache/steering_100/tssb/steered_tssb_mcq_k0_seed42_Qwen-Qwen2.5-Coder-14B-Instruct_k0_L23_24_25_26_27_a3p0_seed42_es0_el5000.json,vectors/python/correctness_vector_100_qwen2-5-coder-14b-instruct_pca_center_suffix.svec,5000,0
1765254829.2943237,steered,tssb_mcq_k3_seed42,,mcq_cache/steering_100/tssb/mcq/tssb_mcq_k3_seed42.json,meta-llama/CodeLlama-7b-Instruct-hf,steered,3,"17,18,19,20,21",1.0,42,0.5036,0.0036,2518,18,5000,mcq_cache/steering_100/tssb/steered_tssb_mcq_k3_seed42_meta-llama-CodeLlama-7b-Instruct-hf_k3_L17_18_19_20_21_a1p0_seed42_es0_el5000.json,vectors/python/correctness_vector_100_codellama-7b-instruct-hf_pca_center_suffix.svec,5000,0
1765255627.2220175,steered,tssb_mcq_k3_seed42,,mcq_cache/steering_100/tssb/mcq/tssb_mcq_k3_seed42.json,meta-llama/CodeLlama-7b-Instruct-hf,steered,3,band:0.15:6,1.0,42,0.5028,0.0,2514,0,5000,mcq_cache/steering_100/tssb/steered_tssb_mcq_k3_seed42_meta-llama-CodeLlama-7b-Instruct-hf_k3_Lband-0.15-6_a1p0_seed42_es0_el5000.json,vectors/python/correctness_vector_100_codellama-7b-instruct-hf_pca_center_suffix.svec,5000,0
1765265707.0854018,steered,tssb_mcq_k3_seed42,,mcq_cache/steering_100/tssb/mcq/tssb_mcq_k3_seed42.json,meta-llama/CodeLlama-7b-Instruct-hf,steered,3,"17,18,19,20,21",1.5,42,0.5042,0.0056,2521,28,5000,mcq_cache/steering_100/tssb/steered_tssb_mcq_k3_seed42_meta-llama-CodeLlama-7b-Instruct-hf_k3_L17_18_19_20_21_a1p5_seed42_es0_el5000.json,vectors/python/correctness_vector_100_codellama-7b-instruct-hf_pca_center_suffix.svec,5000,0
1765266829.1971953,steered,tssb_mcq_k3_seed42,,mcq_cache/steering_100/tssb/mcq/tssb_mcq_k3_seed42.json,meta-llama/CodeLlama-7b-Instruct-hf,steered,3,band:0.15:6,1.5,42,0.4812,0.0062,2406,31,5000,mcq_cache/steering_100/tssb/steered_tssb_mcq_k3_seed42_meta-llama-CodeLlama-7b-Instruct-hf_k3_Lband-0.15-6_a1p5_seed42_es0_el5000.json,vectors/python/correctness_vector_100_codellama-7b-instruct-hf_pca_center_suffix.svec,5000,0
1765267852.2004685,steered,tssb_mcq_k3_seed42,,mcq_cache/steering_100/tssb/mcq/tssb_mcq_k3_seed42.json,meta-llama/CodeLlama-7b-Instruct-hf,steered,3,band:0.15:6,2.0,42,0.0168,0.9648,84,4824,5000,mcq_cache/steering_100/tssb/steered_tssb_mcq_k3_seed42_meta-llama-CodeLlama-7b-Instruct-hf_k3_Lband-0.15-6_a2p0_seed42_es0_el5000.json,vectors/python/correctness_vector_100_codellama-7b-instruct-hf_pca_center_suffix.svec,5000,0
1765276923.9578063,steered,tssb_mcq_k3_seed42,,mcq_cache/steering_100/tssb/mcq/tssb_mcq_k3_seed42.json,meta-llama/CodeLlama-7b-Instruct-hf,steered,3,"17,18,19,20,21",2.0,42,0.5012,0.0076,2506,38,5000,mcq_cache/steering_100/tssb/steered_tssb_mcq_k3_seed42_meta-llama-CodeLlama-7b-Instruct-hf_k3_L17_18_19_20_21_a2p0_seed42_es0_el5000.json,vectors/python/correctness_vector_100_codellama-7b-instruct-hf_pca_center_suffix.svec,5000,0
1765279508.3732126,steered,tssb_mcq_k3_seed42,,mcq_cache/steering_100/tssb/mcq/tssb_mcq_k3_seed42.json,meta-llama/CodeLlama-7b-Instruct-hf,steered,3,band:0.15:6,2.5,42,0.5046,0.0014,2523,7,5000,mcq_cache/steering_100/tssb/steered_tssb_mcq_k3_seed42_meta-llama-CodeLlama-7b-Instruct-hf_k3_Lband-0.15-6_a2p5_seed42_es0_el5000.json,vectors/python/correctness_vector_100_codellama-7b-instruct-hf_pca_center_suffix.svec,5000,0
1765287999.3260381,steered,tssb_mcq_k3_seed42,,mcq_cache/steering_100/tssb/mcq/tssb_mcq_k3_seed42.json,meta-llama/CodeLlama-7b-Instruct-hf,steered,3,"17,18,19,20,21",2.5,42,0.5034,0.0088,2517,44,5000,mcq_cache/steering_100/tssb/steered_tssb_mcq_k3_seed42_meta-llama-CodeLlama-7b-Instruct-hf_k3_L17_18_19_20_21_a2p5_seed42_es0_el5000.json,vectors/python/correctness_vector_100_codellama-7b-instruct-hf_pca_center_suffix.svec,5000,0
1765291445.2841961,steered,tssb_mcq_k3_seed42,,mcq_cache/steering_100/tssb/mcq/tssb_mcq_k3_seed42.json,meta-llama/CodeLlama-7b-Instruct-hf,steered,3,band:0.15:6,3.0,42,0.5058,0.0,2529,0,5000,mcq_cache/steering_100/tssb/steered_tssb_mcq_k3_seed42_meta-llama-CodeLlama-7b-Instruct-hf_k3_Lband-0.15-6_a3p0_seed42_es0_el5000.json,vectors/python/correctness_vector_100_codellama-7b-instruct-hf_pca_center_suffix.svec,5000,0
1765299131.400845,steered,tssb_mcq_k3_seed42,,mcq_cache/steering_100/tssb/mcq/tssb_mcq_k3_seed42.json,meta-llama/CodeLlama-7b-Instruct-hf,steered,3,"17,18,19,20,21",3.0,42,0.499,0.0086,2495,43,5000,mcq_cache/steering_100/tssb/steered_tssb_mcq_k3_seed42_meta-llama-CodeLlama-7b-Instruct-hf_k3_L17_18_19_20_21_a3p0_seed42_es0_el5000.json,vectors/python/correctness_vector_100_codellama-7b-instruct-hf_pca_center_suffix.svec,5000,0
1765300482.360502,steered,tssb_mcq_k3_seed42,,mcq_cache/steering_100/tssb/mcq/tssb_mcq_k3_seed42.json,meta-llama/CodeLlama-7b-Instruct-hf,steered,3,band:0.35:6,1.0,42,0.5046,0.0,2523,0,5000,mcq_cache/steering_100/tssb/steered_tssb_mcq_k3_seed42_meta-llama-CodeLlama-7b-Instruct-hf_k3_Lband-0.35-6_a1p0_seed42_es0_el5000.json,vectors/python/correctness_vector_100_codellama-7b-instruct-hf_pca_center_suffix.svec,5000,0
1765309698.1270137,steered,tssb_mcq_k3_seed42,,mcq_cache/steering_100/tssb/mcq/tssb_mcq_k3_seed42.json,meta-llama/CodeLlama-7b-Instruct-hf,steered,3,band:0.35:6,1.5,42,0.4806,0.0006,2403,3,5000,mcq_cache/steering_100/tssb/steered_tssb_mcq_k3_seed42_meta-llama-CodeLlama-7b-Instruct-hf_k3_Lband-0.35-6_a1p5_seed42_es0_el5000.json,vectors/python/correctness_vector_100_codellama-7b-instruct-hf_pca_center_suffix.svec,5000,0
1765309926.7249796,steered,tssb_mcq_k3_seed42,,mcq_cache/steering_100/tssb/mcq/tssb_mcq_k3_seed42.json,meta-llama/CodeLlama-7b-Instruct-hf,steered,3,"19,20,21,22,23",1.0,42,0.5048,0.0026,2524,13,5000,mcq_cache/steering_100/tssb/steered_tssb_mcq_k3_seed42_meta-llama-CodeLlama-7b-Instruct-hf_k3_L19_20_21_22_23_a1p0_seed42_es0_el5000.json,vectors/python/correctness_vector_100_codellama-7b-instruct-hf_pca_center_suffix.svec,5000,0
1765318718.840331,steered,tssb_mcq_k3_seed42,,mcq_cache/steering_100/tssb/mcq/tssb_mcq_k3_seed42.json,meta-llama/CodeLlama-7b-Instruct-hf,steered,3,band:0.35:6,2.0,42,0.4796,0.0,2398,0,5000,mcq_cache/steering_100/tssb/steered_tssb_mcq_k3_seed42_meta-llama-CodeLlama-7b-Instruct-hf_k3_Lband-0.35-6_a2p0_seed42_es0_el5000.json,vectors/python/correctness_vector_100_codellama-7b-instruct-hf_pca_center_suffix.svec,5000,0
1765320796.6453018,steered,tssb_mcq_k3_seed42,,mcq_cache/steering_100/tssb/mcq/tssb_mcq_k3_seed42.json,meta-llama/CodeLlama-7b-Instruct-hf,steered,3,"19,20,21,22,23",1.5,42,0.5046,0.0046,2523,23,5000,mcq_cache/steering_100/tssb/steered_tssb_mcq_k3_seed42_meta-llama-CodeLlama-7b-Instruct-hf_k3_L19_20_21_22_23_a1p5_seed42_es0_el5000.json,vectors/python/correctness_vector_100_codellama-7b-instruct-hf_pca_center_suffix.svec,5000,0
1765327259.6667335,steered,tssb_mcq_k3_seed42,,mcq_cache/steering_100/tssb/mcq/tssb_mcq_k3_seed42.json,meta-llama/CodeLlama-7b-Instruct-hf,steered,3,band:0.35:6,2.5,42,0.4624,0.0,2312,0,5000,mcq_cache/steering_100/tssb/steered_tssb_mcq_k3_seed42_meta-llama-CodeLlama-7b-Instruct-hf_k3_Lband-0.35-6_a2p5_seed42_es0_el5000.json,vectors/python/correctness_vector_100_codellama-7b-instruct-hf_pca_center_suffix.svec,5000,0
1765331379.257846,steered,tssb_mcq_k3_seed42,,mcq_cache/steering_100/tssb/mcq/tssb_mcq_k3_seed42.json,meta-llama/CodeLlama-7b-Instruct-hf,steered,3,"19,20,21,22,23",2.0,42,0.5038,0.0052,2519,26,5000,mcq_cache/steering_100/tssb/steered_tssb_mcq_k3_seed42_meta-llama-CodeLlama-7b-Instruct-hf_k3_L19_20_21_22_23_a2p0_seed42_es0_el5000.json,vectors/python/correctness_vector_100_codellama-7b-instruct-hf_pca_center_suffix.svec,5000,0
1765335880.8252678,steered,tssb_mcq_k3_seed42,,mcq_cache/steering_100/tssb/mcq/tssb_mcq_k3_seed42.json,meta-llama/CodeLlama-7b-Instruct-hf,steered,3,band:0.35:6,3.0,42,0.4464,0.0,2232,0,5000,mcq_cache/steering_100/tssb/steered_tssb_mcq_k3_seed42_meta-llama-CodeLlama-7b-Instruct-hf_k3_Lband-0.35-6_a3p0_seed42_es0_el5000.json,vectors/python/correctness_vector_100_codellama-7b-instruct-hf_pca_center_suffix.svec,5000,0
1765342220.251096,steered,tssb_mcq_k3_seed42,,mcq_cache/steering_100/tssb/mcq/tssb_mcq_k3_seed42.json,meta-llama/CodeLlama-7b-Instruct-hf,steered,3,"19,20,21,22,23",2.5,42,0.5036,0.0052,2518,26,5000,mcq_cache/steering_100/tssb/steered_tssb_mcq_k3_seed42_meta-llama-CodeLlama-7b-Instruct-hf_k3_L19_20_21_22_23_a2p5_seed42_es0_el5000.json,vectors/python/correctness_vector_100_codellama-7b-instruct-hf_pca_center_suffix.svec,5000,0
1765345281.2447944,steered,tssb_mcq_k3_seed42,,mcq_cache/steering_100/tssb/mcq/tssb_mcq_k3_seed42.json,meta-llama/CodeLlama-7b-Instruct-hf,steered,3,band:0.55:6,1.0,42,0.4902,0.0038,2451,19,5000,mcq_cache/steering_100/tssb/steered_tssb_mcq_k3_seed42_meta-llama-CodeLlama-7b-Instruct-hf_k3_Lband-0.55-6_a1p0_seed42_es0_el5000.json,vectors/python/correctness_vector_100_codellama-7b-instruct-hf_pca_center_suffix.svec,5000,0
1765352972.777998,steered,tssb_mcq_k3_seed42,,mcq_cache/steering_100/tssb/mcq/tssb_mcq_k3_seed42.json,meta-llama/CodeLlama-7b-Instruct-hf,steered,3,"19,20,21,22,23",3.0,42,0.5012,0.0056,2506,28,5000,mcq_cache/steering_100/tssb/steered_tssb_mcq_k3_seed42_meta-llama-CodeLlama-7b-Instruct-hf_k3_L19_20_21_22_23_a3p0_seed42_es0_el5000.json,vectors/python/correctness_vector_100_codellama-7b-instruct-hf_pca_center_suffix.svec,5000,0
1765354069.4183512,steered,tssb_mcq_k3_seed42,,mcq_cache/steering_100/tssb/mcq/tssb_mcq_k3_seed42.json,meta-llama/CodeLlama-7b-Instruct-hf,steered,3,band:0.55:6,1.5,42,0.4896,0.0032,2448,16,5000,mcq_cache/steering_100/tssb/steered_tssb_mcq_k3_seed42_meta-llama-CodeLlama-7b-Instruct-hf_k3_Lband-0.55-6_a1p5_seed42_es0_el5000.json,vectors/python/correctness_vector_100_codellama-7b-instruct-hf_pca_center_suffix.svec,5000,0
1765361744.1388628,steered,tssb_mcq_k3_seed42,,mcq_cache/steering_100/tssb/mcq/tssb_mcq_k3_seed42.json,meta-llama/CodeLlama-7b-Instruct-hf,steered,3,band:0.55:6,2.0,42,0.4872,0.0032,2436,16,5000,mcq_cache/steering_100/tssb/steered_tssb_mcq_k3_seed42_meta-llama-CodeLlama-7b-Instruct-hf_k3_Lband-0.55-6_a2p0_seed42_es0_el5000.json,vectors/python/correctness_vector_100_codellama-7b-instruct-hf_pca_center_suffix.svec,5000,0
1765363579.0322056,steered,tssb_mcq_k3_seed42,,mcq_cache/steering_100/tssb/mcq/tssb_mcq_k3_seed42.json,meta-llama/CodeLlama-7b-Instruct-hf,steered,3,"21,22,23,24,25",1.0,42,0.5034,0.0028,2517,14,5000,mcq_cache/steering_100/tssb/steered_tssb_mcq_k3_seed42_meta-llama-CodeLlama-7b-Instruct-hf_k3_L21_22_23_24_25_a1p0_seed42_es0_el5000.json,vectors/python/correctness_vector_100_codellama-7b-instruct-hf_pca_center_suffix.svec,5000,0
1765368714.658653,steered,tssb_mcq_k3_seed42,,mcq_cache/steering_100/tssb/mcq/tssb_mcq_k3_seed42.json,meta-llama/CodeLlama-7b-Instruct-hf,steered,3,band:0.55:6,2.5,42,0.4886,0.0016,2443,8,5000,mcq_cache/steering_100/tssb/steered_tssb_mcq_k3_seed42_meta-llama-CodeLlama-7b-Instruct-hf_k3_Lband-0.55-6_a2p5_seed42_es0_el5000.json,vectors/python/correctness_vector_100_codellama-7b-instruct-hf_pca_center_suffix.svec,5000,0
1765374093.4517732,steered,tssb_mcq_k3_seed42,,mcq_cache/steering_100/tssb/mcq/tssb_mcq_k3_seed42.json,meta-llama/CodeLlama-7b-Instruct-hf,steered,3,"21,22,23,24,25",1.5,42,0.504,0.0026,2520,13,5000,mcq_cache/steering_100/tssb/steered_tssb_mcq_k3_seed42_meta-llama-CodeLlama-7b-Instruct-hf_k3_L21_22_23_24_25_a1p5_seed42_es0_el5000.json,vectors/python/correctness_vector_100_codellama-7b-instruct-hf_pca_center_suffix.svec,5000,0
1765374583.663897,steered,tssb_mcq_k3_seed42,,mcq_cache/steering_100/tssb/mcq/tssb_mcq_k3_seed42.json,meta-llama/CodeLlama-7b-Instruct-hf,steered,3,band:0.55:6,3.0,42,0.485,0.0016,2425,8,5000,mcq_cache/steering_100/tssb/steered_tssb_mcq_k3_seed42_meta-llama-CodeLlama-7b-Instruct-hf_k3_Lband-0.55-6_a3p0_seed42_es0_el5000.json,vectors/python/correctness_vector_100_codellama-7b-instruct-hf_pca_center_suffix.svec,5000,0
1765384904.920266,steered,tssb_mcq_k3_seed42,,mcq_cache/steering_100/tssb/mcq/tssb_mcq_k3_seed42.json,meta-llama/CodeLlama-7b-Instruct-hf,steered,3,"21,22,23,24,25",2.0,42,0.506,0.0028,2530,14,5000,mcq_cache/steering_100/tssb/steered_tssb_mcq_k3_seed42_meta-llama-CodeLlama-7b-Instruct-hf_k3_L21_22_23_24_25_a2p0_seed42_es0_el5000.json,vectors/python/correctness_vector_100_codellama-7b-instruct-hf_pca_center_suffix.svec,5000,0
1765385312.5254061,steered,tssb_mcq_k3_seed42,,mcq_cache/steering_100/tssb/mcq/tssb_mcq_k3_seed42.json,meta-llama/CodeLlama-7b-Instruct-hf,steered,3,band:0.75:6,1.0,42,0.505,0.0022,2525,11,5000,mcq_cache/steering_100/tssb/steered_tssb_mcq_k3_seed42_meta-llama-CodeLlama-7b-Instruct-hf_k3_Lband-0.75-6_a1p0_seed42_es0_el5000.json,vectors/python/correctness_vector_100_codellama-7b-instruct-hf_pca_center_suffix.svec,5000,0
1765395541.6531389,steered,tssb_mcq_k3_seed42,,mcq_cache/steering_100/tssb/mcq/tssb_mcq_k3_seed42.json,meta-llama/CodeLlama-7b-Instruct-hf,steered,3,"21,22,23,24,25",2.5,42,0.5066,0.0044,2533,22,5000,mcq_cache/steering_100/tssb/steered_tssb_mcq_k3_seed42_meta-llama-CodeLlama-7b-Instruct-hf_k3_L21_22_23_24_25_a2p5_seed42_es0_el5000.json,vectors/python/correctness_vector_100_codellama-7b-instruct-hf_pca_center_suffix.svec,5000,0
1765396180.435077,steered,tssb_mcq_k3_seed42,,mcq_cache/steering_100/tssb/mcq/tssb_mcq_k3_seed42.json,meta-llama/CodeLlama-7b-Instruct-hf,steered,3,band:0.75:6,1.5,42,0.5054,0.0024,2527,12,5000,mcq_cache/steering_100/tssb/steered_tssb_mcq_k3_seed42_meta-llama-CodeLlama-7b-Instruct-hf_k3_Lband-0.75-6_a1p5_seed42_es0_el5000.json,vectors/python/correctness_vector_100_codellama-7b-instruct-hf_pca_center_suffix.svec,5000,0
1765406099.3135223,steered,tssb_mcq_k3_seed42,,mcq_cache/steering_100/tssb/mcq/tssb_mcq_k3_seed42.json,meta-llama/CodeLlama-7b-Instruct-hf,steered,3,"21,22,23,24,25",3.0,42,0.5046,0.0052,2523,26,5000,mcq_cache/steering_100/tssb/steered_tssb_mcq_k3_seed42_meta-llama-CodeLlama-7b-Instruct-hf_k3_L21_22_23_24_25_a3p0_seed42_es0_el5000.json,vectors/python/correctness_vector_100_codellama-7b-instruct-hf_pca_center_suffix.svec,5000,0
1765406771.3788643,steered,tssb_mcq_k3_seed42,,mcq_cache/steering_100/tssb/mcq/tssb_mcq_k3_seed42.json,meta-llama/CodeLlama-7b-Instruct-hf,steered,3,band:0.75:6,2.0,42,0.5072,0.0024,2536,12,5000,mcq_cache/steering_100/tssb/steered_tssb_mcq_k3_seed42_meta-llama-CodeLlama-7b-Instruct-hf_k3_Lband-0.75-6_a2p0_seed42_es0_el5000.json,vectors/python/correctness_vector_100_codellama-7b-instruct-hf_pca_center_suffix.svec,5000,0
1765406777.8524265,steered,tssb_mcq_k3_seed42,,mcq_cache/steering_100/tssb/mcq/tssb_mcq_k3_seed42.json,Qwen/Qwen2.5-7B-Instruct,steered,3,"14,15,16,17,18",1.0,42,0.6304,0.0,3152,0,5000,mcq_cache/steering_100/tssb/steered_tssb_mcq_k3_seed42_Qwen-Qwen2.5-7B-Instruct_k3_L14_15_16_17_18_a1p0_seed42_es0_el5000.json,vectors/python/correctness_vector_100_qwen2-5-7b-instruct_pca_center_suffix.svec,5000,0
1765407337.84146,steered,tssb_mcq_k3_seed42,,mcq_cache/steering_100/tssb/mcq/tssb_mcq_k3_seed42.json,Qwen/Qwen2.5-7B-Instruct,steered,3,"14,15,16,17,18",1.5,42,0.626,0.0,3130,0,5000,mcq_cache/steering_100/tssb/steered_tssb_mcq_k3_seed42_Qwen-Qwen2.5-7B-Instruct_k3_L14_15_16_17_18_a1p5_seed42_es0_el5000.json,vectors/python/correctness_vector_100_qwen2-5-7b-instruct_pca_center_suffix.svec,5000,0
1765407897.9539855,steered,tssb_mcq_k3_seed42,,mcq_cache/steering_100/tssb/mcq/tssb_mcq_k3_seed42.json,Qwen/Qwen2.5-7B-Instruct,steered,3,"14,15,16,17,18",2.0,42,0.6248,0.0,3124,0,5000,mcq_cache/steering_100/tssb/steered_tssb_mcq_k3_seed42_Qwen-Qwen2.5-7B-Instruct_k3_L14_15_16_17_18_a2p0_seed42_es0_el5000.json,vectors/python/correctness_vector_100_qwen2-5-7b-instruct_pca_center_suffix.svec,5000,0
1765408459.7423935,steered,tssb_mcq_k3_seed42,,mcq_cache/steering_100/tssb/mcq/tssb_mcq_k3_seed42.json,Qwen/Qwen2.5-7B-Instruct,steered,3,"14,15,16,17,18",2.5,42,0.618,0.0,3090,0,5000,mcq_cache/steering_100/tssb/steered_tssb_mcq_k3_seed42_Qwen-Qwen2.5-7B-Instruct_k3_L14_15_16_17_18_a2p5_seed42_es0_el5000.json,vectors/python/correctness_vector_100_qwen2-5-7b-instruct_pca_center_suffix.svec,5000,0
1765409022.6058,steered,tssb_mcq_k3_seed42,,mcq_cache/steering_100/tssb/mcq/tssb_mcq_k3_seed42.json,Qwen/Qwen2.5-7B-Instruct,steered,3,"14,15,16,17,18",3.0,42,0.6172,0.0,3086,0,5000,mcq_cache/steering_100/tssb/steered_tssb_mcq_k3_seed42_Qwen-Qwen2.5-7B-Instruct_k3_L14_15_16_17_18_a3p0_seed42_es0_el5000.json,vectors/python/correctness_vector_100_qwen2-5-7b-instruct_pca_center_suffix.svec,5000,0
1765409575.8228922,steered,tssb_mcq_k3_seed42,,mcq_cache/steering_100/tssb/mcq/tssb_mcq_k3_seed42.json,Qwen/Qwen2.5-7B-Instruct,steered,3,"16,17,18,19,20",1.0,42,0.626,0.0,3130,0,5000,mcq_cache/steering_100/tssb/steered_tssb_mcq_k3_seed42_Qwen-Qwen2.5-7B-Instruct_k3_L16_17_18_19_20_a1p0_seed42_es0_el5000.json,vectors/python/correctness_vector_100_qwen2-5-7b-instruct_pca_center_suffix.svec,5000,0
1765410136.792268,steered,tssb_mcq_k3_seed42,,mcq_cache/steering_100/tssb/mcq/tssb_mcq_k3_seed42.json,Qwen/Qwen2.5-7B-Instruct,steered,3,"16,17,18,19,20",1.5,42,0.62,0.0,3100,0,5000,mcq_cache/steering_100/tssb/steered_tssb_mcq_k3_seed42_Qwen-Qwen2.5-7B-Instruct_k3_L16_17_18_19_20_a1p5_seed42_es0_el5000.json,vectors/python/correctness_vector_100_qwen2-5-7b-instruct_pca_center_suffix.svec,5000,0
1765410707.0102382,steered,tssb_mcq_k3_seed42,,mcq_cache/steering_100/tssb/mcq/tssb_mcq_k3_seed42.json,Qwen/Qwen2.5-7B-Instruct,steered,3,"16,17,18,19,20",2.0,42,0.6156,0.0,3078,0,5000,mcq_cache/steering_100/tssb/steered_tssb_mcq_k3_seed42_Qwen-Qwen2.5-7B-Instruct_k3_L16_17_18_19_20_a2p0_seed42_es0_el5000.json,vectors/python/correctness_vector_100_qwen2-5-7b-instruct_pca_center_suffix.svec,5000,0
1765411267.330483,steered,tssb_mcq_k3_seed42,,mcq_cache/steering_100/tssb/mcq/tssb_mcq_k3_seed42.json,Qwen/Qwen2.5-7B-Instruct,steered,3,"16,17,18,19,20",2.5,42,0.6108,0.0,3054,0,5000,mcq_cache/steering_100/tssb/steered_tssb_mcq_k3_seed42_Qwen-Qwen2.5-7B-Instruct_k3_L16_17_18_19_20_a2p5_seed42_es0_el5000.json,vectors/python/correctness_vector_100_qwen2-5-7b-instruct_pca_center_suffix.svec,5000,0
1765411835.0333443,steered,tssb_mcq_k3_seed42,,mcq_cache/steering_100/tssb/mcq/tssb_mcq_k3_seed42.json,Qwen/Qwen2.5-7B-Instruct,steered,3,"16,17,18,19,20",3.0,42,0.6054,0.0,3027,0,5000,mcq_cache/steering_100/tssb/steered_tssb_mcq_k3_seed42_Qwen-Qwen2.5-7B-Instruct_k3_L16_17_18_19_20_a3p0_seed42_es0_el5000.json,vectors/python/correctness_vector_100_qwen2-5-7b-instruct_pca_center_suffix.svec,5000,0
1765412401.0056298,steered,tssb_mcq_k3_seed42,,mcq_cache/steering_100/tssb/mcq/tssb_mcq_k3_seed42.json,Qwen/Qwen2.5-7B-Instruct,steered,3,"18,19,20,21,22",1.0,42,0.626,0.0,3130,0,5000,mcq_cache/steering_100/tssb/steered_tssb_mcq_k3_seed42_Qwen-Qwen2.5-7B-Instruct_k3_L18_19_20_21_22_a1p0_seed42_es0_el5000.json,vectors/python/correctness_vector_100_qwen2-5-7b-instruct_pca_center_suffix.svec,5000,0
1765412964.2038438,steered,tssb_mcq_k3_seed42,,mcq_cache/steering_100/tssb/mcq/tssb_mcq_k3_seed42.json,Qwen/Qwen2.5-7B-Instruct,steered,3,"18,19,20,21,22",1.5,42,0.6238,0.0,3119,0,5000,mcq_cache/steering_100/tssb/steered_tssb_mcq_k3_seed42_Qwen-Qwen2.5-7B-Instruct_k3_L18_19_20_21_22_a1p5_seed42_es0_el5000.json,vectors/python/correctness_vector_100_qwen2-5-7b-instruct_pca_center_suffix.svec,5000,0
1765413536.4693058,steered,tssb_mcq_k3_seed42,,mcq_cache/steering_100/tssb/mcq/tssb_mcq_k3_seed42.json,Qwen/Qwen2.5-7B-Instruct,steered,3,"18,19,20,21,22",2.0,42,0.6218,0.0,3109,0,5000,mcq_cache/steering_100/tssb/steered_tssb_mcq_k3_seed42_Qwen-Qwen2.5-7B-Instruct_k3_L18_19_20_21_22_a2p0_seed42_es0_el5000.json,vectors/python/correctness_vector_100_qwen2-5-7b-instruct_pca_center_suffix.svec,5000,0
1765414105.2209835,steered,tssb_mcq_k3_seed42,,mcq_cache/steering_100/tssb/mcq/tssb_mcq_k3_seed42.json,Qwen/Qwen2.5-7B-Instruct,steered,3,"18,19,20,21,22",2.5,42,0.6178,0.0,3089,0,5000,mcq_cache/steering_100/tssb/steered_tssb_mcq_k3_seed42_Qwen-Qwen2.5-7B-Instruct_k3_L18_19_20_21_22_a2p5_seed42_es0_el5000.json,vectors/python/correctness_vector_100_qwen2-5-7b-instruct_pca_center_suffix.svec,5000,0
1765414670.9087746,steered,tssb_mcq_k3_seed42,,mcq_cache/steering_100/tssb/mcq/tssb_mcq_k3_seed42.json,Qwen/Qwen2.5-7B-Instruct,steered,3,"18,19,20,21,22",3.0,42,0.617,0.0,3085,0,5000,mcq_cache/steering_100/tssb/steered_tssb_mcq_k3_seed42_Qwen-Qwen2.5-7B-Instruct_k3_L18_19_20_21_22_a3p0_seed42_es0_el5000.json,vectors/python/correctness_vector_100_qwen2-5-7b-instruct_pca_center_suffix.svec,5000,0
1765415302.2810621,steered,tssb_mcq_k3_seed42,,mcq_cache/steering_100/tssb/mcq/tssb_mcq_k3_seed42.json,Qwen/Qwen2.5-Coder-7B-Instruct,steered,3,"6,7,8,9,10",1.0,42,0.704,0.0,3520,0,5000,mcq_cache/steering_100/tssb/steered_tssb_mcq_k3_seed42_Qwen-Qwen2.5-Coder-7B-Instruct_k3_L6_7_8_9_10_a1p0_seed42_es0_el5000.json,vectors/python/correctness_vector_100_qwen2-5-coder-7b-instruct_pca_center_suffix.svec,5000,0
1765415869.2557313,steered,tssb_mcq_k3_seed42,,mcq_cache/steering_100/tssb/mcq/tssb_mcq_k3_seed42.json,Qwen/Qwen2.5-Coder-7B-Instruct,steered,3,"6,7,8,9,10",1.5,42,0.7016,0.0,3508,0,5000,mcq_cache/steering_100/tssb/steered_tssb_mcq_k3_seed42_Qwen-Qwen2.5-Coder-7B-Instruct_k3_L6_7_8_9_10_a1p5_seed42_es0_el5000.json,vectors/python/correctness_vector_100_qwen2-5-coder-7b-instruct_pca_center_suffix.svec,5000,0
1765416428.2763994,steered,tssb_mcq_k3_seed42,,mcq_cache/steering_100/tssb/mcq/tssb_mcq_k3_seed42.json,Qwen/Qwen2.5-Coder-7B-Instruct,steered,3,"6,7,8,9,10",2.0,42,0.7004,0.0,3502,0,5000,mcq_cache/steering_100/tssb/steered_tssb_mcq_k3_seed42_Qwen-Qwen2.5-Coder-7B-Instruct_k3_L6_7_8_9_10_a2p0_seed42_es0_el5000.json,vectors/python/correctness_vector_100_qwen2-5-coder-7b-instruct_pca_center_suffix.svec,5000,0
1765416995.1386511,steered,tssb_mcq_k3_seed42,,mcq_cache/steering_100/tssb/mcq/tssb_mcq_k3_seed42.json,Qwen/Qwen2.5-Coder-7B-Instruct,steered,3,"6,7,8,9,10",2.5,42,0.701,0.0,3505,0,5000,mcq_cache/steering_100/tssb/steered_tssb_mcq_k3_seed42_Qwen-Qwen2.5-Coder-7B-Instruct_k3_L6_7_8_9_10_a2p5_seed42_es0_el5000.json,vectors/python/correctness_vector_100_qwen2-5-coder-7b-instruct_pca_center_suffix.svec,5000,0
1765417549.576691,steered,tssb_mcq_k3_seed42,,mcq_cache/steering_100/tssb/mcq/tssb_mcq_k3_seed42.json,Qwen/Qwen2.5-Coder-7B-Instruct,steered,3,"6,7,8,9,10",3.0,42,0.7012,0.0,3506,0,5000,mcq_cache/steering_100/tssb/steered_tssb_mcq_k3_seed42_Qwen-Qwen2.5-Coder-7B-Instruct_k3_L6_7_8_9_10_a3p0_seed42_es0_el5000.json,vectors/python/correctness_vector_100_qwen2-5-coder-7b-instruct_pca_center_suffix.svec,5000,0
1765417759.9753788,steered,tssb_mcq_k3_seed42,,mcq_cache/steering_100/tssb/mcq/tssb_mcq_k3_seed42.json,meta-llama/CodeLlama-7b-Instruct-hf,steered,3,band:0.75:6,2.5,42,0.505,0.0042,2525,21,5000,mcq_cache/steering_100/tssb/steered_tssb_mcq_k3_seed42_meta-llama-CodeLlama-7b-Instruct-hf_k3_Lband-0.75-6_a2p5_seed42_es0_el5000.json,vectors/python/correctness_vector_100_codellama-7b-instruct-hf_pca_center_suffix.svec,5000,0
1765418102.0065396,steered,tssb_mcq_k3_seed42,,mcq_cache/steering_100/tssb/mcq/tssb_mcq_k3_seed42.json,Qwen/Qwen2.5-Coder-7B-Instruct,steered,3,"8,9,10,11,12",1.0,42,0.7022,0.0,3511,0,5000,mcq_cache/steering_100/tssb/steered_tssb_mcq_k3_seed42_Qwen-Qwen2.5-Coder-7B-Instruct_k3_L8_9_10_11_12_a1p0_seed42_es0_el5000.json,vectors/python/correctness_vector_100_qwen2-5-coder-7b-instruct_pca_center_suffix.svec,5000,0
1765418667.5304222,steered,tssb_mcq_k3_seed42,,mcq_cache/steering_100/tssb/mcq/tssb_mcq_k3_seed42.json,Qwen/Qwen2.5-Coder-7B-Instruct,steered,3,"8,9,10,11,12",1.5,42,0.701,0.0,3505,0,5000,mcq_cache/steering_100/tssb/steered_tssb_mcq_k3_seed42_Qwen-Qwen2.5-Coder-7B-Instruct_k3_L8_9_10_11_12_a1p5_seed42_es0_el5000.json,vectors/python/correctness_vector_100_qwen2-5-coder-7b-instruct_pca_center_suffix.svec,5000,0
1765419233.5102184,steered,tssb_mcq_k3_seed42,,mcq_cache/steering_100/tssb/mcq/tssb_mcq_k3_seed42.json,Qwen/Qwen2.5-Coder-7B-Instruct,steered,3,"8,9,10,11,12",2.0,42,0.698,0.0,3490,0,5000,mcq_cache/steering_100/tssb/steered_tssb_mcq_k3_seed42_Qwen-Qwen2.5-Coder-7B-Instruct_k3_L8_9_10_11_12_a2p0_seed42_es0_el5000.json,vectors/python/correctness_vector_100_qwen2-5-coder-7b-instruct_pca_center_suffix.svec,5000,0
1765419800.4882529,steered,tssb_mcq_k3_seed42,,mcq_cache/steering_100/tssb/mcq/tssb_mcq_k3_seed42.json,Qwen/Qwen2.5-Coder-7B-Instruct,steered,3,"8,9,10,11,12",2.5,42,0.6968,0.0,3484,0,5000,mcq_cache/steering_100/tssb/steered_tssb_mcq_k3_seed42_Qwen-Qwen2.5-Coder-7B-Instruct_k3_L8_9_10_11_12_a2p5_seed42_es0_el5000.json,vectors/python/correctness_vector_100_qwen2-5-coder-7b-instruct_pca_center_suffix.svec,5000,0
1765420360.5897691,steered,tssb_mcq_k3_seed42,,mcq_cache/steering_100/tssb/mcq/tssb_mcq_k3_seed42.json,Qwen/Qwen2.5-Coder-7B-Instruct,steered,3,"8,9,10,11,12",3.0,42,0.6952,0.0,3476,0,5000,mcq_cache/steering_100/tssb/steered_tssb_mcq_k3_seed42_Qwen-Qwen2.5-Coder-7B-Instruct_k3_L8_9_10_11_12_a3p0_seed42_es0_el5000.json,vectors/python/correctness_vector_100_qwen2-5-coder-7b-instruct_pca_center_suffix.svec,5000,0
1765420920.5026276,steered,tssb_mcq_k3_seed42,,mcq_cache/steering_100/tssb/mcq/tssb_mcq_k3_seed42.json,Qwen/Qwen2.5-Coder-7B-Instruct,steered,3,"10,11,12,13,14",1.0,42,0.6974,0.0,3487,0,5000,mcq_cache/steering_100/tssb/steered_tssb_mcq_k3_seed42_Qwen-Qwen2.5-Coder-7B-Instruct_k3_L10_11_12_13_14_a1p0_seed42_es0_el5000.json,vectors/python/correctness_vector_100_qwen2-5-coder-7b-instruct_pca_center_suffix.svec,5000,0
1765421486.5648816,steered,tssb_mcq_k3_seed42,,mcq_cache/steering_100/tssb/mcq/tssb_mcq_k3_seed42.json,Qwen/Qwen2.5-Coder-7B-Instruct,steered,3,"10,11,12,13,14",1.5,42,0.6934,0.0,3467,0,5000,mcq_cache/steering_100/tssb/steered_tssb_mcq_k3_seed42_Qwen-Qwen2.5-Coder-7B-Instruct_k3_L10_11_12_13_14_a1p5_seed42_es0_el5000.json,vectors/python/correctness_vector_100_qwen2-5-coder-7b-instruct_pca_center_suffix.svec,5000,0
1765422051.7456555,steered,tssb_mcq_k3_seed42,,mcq_cache/steering_100/tssb/mcq/tssb_mcq_k3_seed42.json,Qwen/Qwen2.5-Coder-7B-Instruct,steered,3,"10,11,12,13,14",2.0,42,0.6918,0.0,3459,0,5000,mcq_cache/steering_100/tssb/steered_tssb_mcq_k3_seed42_Qwen-Qwen2.5-Coder-7B-Instruct_k3_L10_11_12_13_14_a2p0_seed42_es0_el5000.json,vectors/python/correctness_vector_100_qwen2-5-coder-7b-instruct_pca_center_suffix.svec,5000,0
1765422612.4017308,steered,tssb_mcq_k3_seed42,,mcq_cache/steering_100/tssb/mcq/tssb_mcq_k3_seed42.json,Qwen/Qwen2.5-Coder-7B-Instruct,steered,3,"10,11,12,13,14",2.5,42,0.6866,0.0,3433,0,5000,mcq_cache/steering_100/tssb/steered_tssb_mcq_k3_seed42_Qwen-Qwen2.5-Coder-7B-Instruct_k3_L10_11_12_13_14_a2p5_seed42_es0_el5000.json,vectors/python/correctness_vector_100_qwen2-5-coder-7b-instruct_pca_center_suffix.svec,5000,0
1765423180.7155018,steered,tssb_mcq_k3_seed42,,mcq_cache/steering_100/tssb/mcq/tssb_mcq_k3_seed42.json,Qwen/Qwen2.5-Coder-7B-Instruct,steered,3,"10,11,12,13,14",3.0,42,0.6812,0.0,3406,0,5000,mcq_cache/steering_100/tssb/steered_tssb_mcq_k3_seed42_Qwen-Qwen2.5-Coder-7B-Instruct_k3_L10_11_12_13_14_a3p0_seed42_es0_el5000.json,vectors/python/correctness_vector_100_qwen2-5-coder-7b-instruct_pca_center_suffix.svec,5000,0
1765424293.9707062,steered,tssb_mcq_k3_seed42,,mcq_cache/steering_100/tssb/mcq/tssb_mcq_k3_seed42.json,Qwen/Qwen2.5-Coder-14B-Instruct,steered,3,"19,20,21,22,23",1.0,42,0.689,0.0,3445,0,5000,mcq_cache/steering_100/tssb/steered_tssb_mcq_k3_seed42_Qwen-Qwen2.5-Coder-14B-Instruct_k3_L19_20_21_22_23_a1p0_seed42_es0_el5000.json,vectors/python/correctness_vector_100_qwen2-5-coder-14b-instruct_pca_center_suffix.svec,5000,0
1765425253.210124,steered,tssb_mcq_k3_seed42,,mcq_cache/steering_100/tssb/mcq/tssb_mcq_k3_seed42.json,Qwen/Qwen2.5-Coder-14B-Instruct,steered,3,"19,20,21,22,23",1.5,42,0.689,0.0,3445,0,5000,mcq_cache/steering_100/tssb/steered_tssb_mcq_k3_seed42_Qwen-Qwen2.5-Coder-14B-Instruct_k3_L19_20_21_22_23_a1p5_seed42_es0_el5000.json,vectors/python/correctness_vector_100_qwen2-5-coder-14b-instruct_pca_center_suffix.svec,5000,0
1765426212.671592,steered,tssb_mcq_k3_seed42,,mcq_cache/steering_100/tssb/mcq/tssb_mcq_k3_seed42.json,Qwen/Qwen2.5-Coder-14B-Instruct,steered,3,"19,20,21,22,23",2.0,42,0.6882,0.0,3441,0,5000,mcq_cache/steering_100/tssb/steered_tssb_mcq_k3_seed42_Qwen-Qwen2.5-Coder-14B-Instruct_k3_L19_20_21_22_23_a2p0_seed42_es0_el5000.json,vectors/python/correctness_vector_100_qwen2-5-coder-14b-instruct_pca_center_suffix.svec,5000,0
1765427191.1176975,steered,tssb_mcq_k3_seed42,,mcq_cache/steering_100/tssb/mcq/tssb_mcq_k3_seed42.json,Qwen/Qwen2.5-Coder-14B-Instruct,steered,3,"19,20,21,22,23",2.5,42,0.6886,0.0,3443,0,5000,mcq_cache/steering_100/tssb/steered_tssb_mcq_k3_seed42_Qwen-Qwen2.5-Coder-14B-Instruct_k3_L19_20_21_22_23_a2p5_seed42_es0_el5000.json,vectors/python/correctness_vector_100_qwen2-5-coder-14b-instruct_pca_center_suffix.svec,5000,0
1765428148.958076,steered,tssb_mcq_k3_seed42,,mcq_cache/steering_100/tssb/mcq/tssb_mcq_k3_seed42.json,Qwen/Qwen2.5-Coder-14B-Instruct,steered,3,"19,20,21,22,23",3.0,42,0.6854,0.0,3427,0,5000,mcq_cache/steering_100/tssb/steered_tssb_mcq_k3_seed42_Qwen-Qwen2.5-Coder-14B-Instruct_k3_L19_20_21_22_23_a3p0_seed42_es0_el5000.json,vectors/python/correctness_vector_100_qwen2-5-coder-14b-instruct_pca_center_suffix.svec,5000,0
1765428558.0692291,steered,tssb_mcq_k3_seed42,,mcq_cache/steering_100/tssb/mcq/tssb_mcq_k3_seed42.json,meta-llama/CodeLlama-7b-Instruct-hf,steered,3,band:0.75:6,3.0,42,0.5042,0.0052,2521,26,5000,mcq_cache/steering_100/tssb/steered_tssb_mcq_k3_seed42_meta-llama-CodeLlama-7b-Instruct-hf_k3_Lband-0.75-6_a3p0_seed42_es0_el5000.json,vectors/python/correctness_vector_100_codellama-7b-instruct-hf_pca_center_suffix.svec,5000,0
1765429123.1535954,steered,tssb_mcq_k3_seed42,,mcq_cache/steering_100/tssb/mcq/tssb_mcq_k3_seed42.json,Qwen/Qwen2.5-Coder-14B-Instruct,steered,3,"21,22,23,24,25",1.0,42,0.6896,0.0,3448,0,5000,mcq_cache/steering_100/tssb/steered_tssb_mcq_k3_seed42_Qwen-Qwen2.5-Coder-14B-Instruct_k3_L21_22_23_24_25_a1p0_seed42_es0_el5000.json,vectors/python/correctness_vector_100_qwen2-5-coder-14b-instruct_pca_center_suffix.svec,5000,0
1765430107.921173,steered,tssb_mcq_k3_seed42,,mcq_cache/steering_100/tssb/mcq/tssb_mcq_k3_seed42.json,Qwen/Qwen2.5-Coder-14B-Instruct,steered,3,"21,22,23,24,25",1.5,42,0.6892,0.0,3446,0,5000,mcq_cache/steering_100/tssb/steered_tssb_mcq_k3_seed42_Qwen-Qwen2.5-Coder-14B-Instruct_k3_L21_22_23_24_25_a1p5_seed42_es0_el5000.json,vectors/python/correctness_vector_100_qwen2-5-coder-14b-instruct_pca_center_suffix.svec,5000,0
1765431087.1780894,steered,tssb_mcq_k3_seed42,,mcq_cache/steering_100/tssb/mcq/tssb_mcq_k3_seed42.json,Qwen/Qwen2.5-Coder-14B-Instruct,steered,3,"21,22,23,24,25",2.0,42,0.6884,0.0,3442,0,5000,mcq_cache/steering_100/tssb/steered_tssb_mcq_k3_seed42_Qwen-Qwen2.5-Coder-14B-Instruct_k3_L21_22_23_24_25_a2p0_seed42_es0_el5000.json,vectors/python/correctness_vector_100_qwen2-5-coder-14b-instruct_pca_center_suffix.svec,5000,0
1765432073.108912,steered,tssb_mcq_k3_seed42,,mcq_cache/steering_100/tssb/mcq/tssb_mcq_k3_seed42.json,Qwen/Qwen2.5-Coder-14B-Instruct,steered,3,"21,22,23,24,25",2.5,42,0.6868,0.0,3434,0,5000,mcq_cache/steering_100/tssb/steered_tssb_mcq_k3_seed42_Qwen-Qwen2.5-Coder-14B-Instruct_k3_L21_22_23_24_25_a2p5_seed42_es0_el5000.json,vectors/python/correctness_vector_100_qwen2-5-coder-14b-instruct_pca_center_suffix.svec,5000,0
1765433057.3137808,steered,tssb_mcq_k3_seed42,,mcq_cache/steering_100/tssb/mcq/tssb_mcq_k3_seed42.json,Qwen/Qwen2.5-Coder-14B-Instruct,steered,3,"21,22,23,24,25",3.0,42,0.686,0.0,3430,0,5000,mcq_cache/steering_100/tssb/steered_tssb_mcq_k3_seed42_Qwen-Qwen2.5-Coder-14B-Instruct_k3_L21_22_23_24_25_a3p0_seed42_es0_el5000.json,vectors/python/correctness_vector_100_qwen2-5-coder-14b-instruct_pca_center_suffix.svec,5000,0
1765434036.6498036,steered,tssb_mcq_k3_seed42,,mcq_cache/steering_100/tssb/mcq/tssb_mcq_k3_seed42.json,Qwen/Qwen2.5-Coder-14B-Instruct,steered,3,"23,24,25,26,27",1.0,42,0.6892,0.0,3446,0,5000,mcq_cache/steering_100/tssb/steered_tssb_mcq_k3_seed42_Qwen-Qwen2.5-Coder-14B-Instruct_k3_L23_24_25_26_27_a1p0_seed42_es0_el5000.json,vectors/python/correctness_vector_100_qwen2-5-coder-14b-instruct_pca_center_suffix.svec,5000,0
1765435019.9237335,steered,tssb_mcq_k3_seed42,,mcq_cache/steering_100/tssb/mcq/tssb_mcq_k3_seed42.json,Qwen/Qwen2.5-Coder-14B-Instruct,steered,3,"23,24,25,26,27",1.5,42,0.6888,0.0,3444,0,5000,mcq_cache/steering_100/tssb/steered_tssb_mcq_k3_seed42_Qwen-Qwen2.5-Coder-14B-Instruct_k3_L23_24_25_26_27_a1p5_seed42_es0_el5000.json,vectors/python/correctness_vector_100_qwen2-5-coder-14b-instruct_pca_center_suffix.svec,5000,0
1765436028.3453817,steered,tssb_mcq_k3_seed42,,mcq_cache/steering_100/tssb/mcq/tssb_mcq_k3_seed42.json,Qwen/Qwen2.5-Coder-14B-Instruct,steered,3,"23,24,25,26,27",2.0,42,0.6884,0.0,3442,0,5000,mcq_cache/steering_100/tssb/steered_tssb_mcq_k3_seed42_Qwen-Qwen2.5-Coder-14B-Instruct_k3_L23_24_25_26_27_a2p0_seed42_es0_el5000.json,vectors/python/correctness_vector_100_qwen2-5-coder-14b-instruct_pca_center_suffix.svec,5000,0
1765436999.6319835,steered,tssb_mcq_k3_seed42,,mcq_cache/steering_100/tssb/mcq/tssb_mcq_k3_seed42.json,Qwen/Qwen2.5-Coder-14B-Instruct,steered,3,"23,24,25,26,27",2.5,42,0.6884,0.0,3442,0,5000,mcq_cache/steering_100/tssb/steered_tssb_mcq_k3_seed42_Qwen-Qwen2.5-Coder-14B-Instruct_k3_L23_24_25_26_27_a2p5_seed42_es0_el5000.json,vectors/python/correctness_vector_100_qwen2-5-coder-14b-instruct_pca_center_suffix.svec,5000,0
1765437979.9923527,steered,tssb_mcq_k3_seed42,,mcq_cache/steering_100/tssb/mcq/tssb_mcq_k3_seed42.json,Qwen/Qwen2.5-Coder-14B-Instruct,steered,3,"23,24,25,26,27",3.0,42,0.6872,0.0,3436,0,5000,mcq_cache/steering_100/tssb/steered_tssb_mcq_k3_seed42_Qwen-Qwen2.5-Coder-14B-Instruct_k3_L23_24_25_26_27_a3p0_seed42_es0_el5000.json,vectors/python/correctness_vector_100_qwen2-5-coder-14b-instruct_pca_center_suffix.svec,5000,0
1765439457.0813696,steered,tssb_mcq_k3_seed42,,mcq_cache/steering_100/tssb/mcq/tssb_mcq_k3_seed42.json,meta-llama/CodeLlama-7b-Instruct-hf,steered,3,band:0.90:6,1.0,42,0.505,0.002,2525,10,5000,mcq_cache/steering_100/tssb/steered_tssb_mcq_k3_seed42_meta-llama-CodeLlama-7b-Instruct-hf_k3_Lband-0.90-6_a1p0_seed42_es0_el5000.json,vectors/python/correctness_vector_100_codellama-7b-instruct-hf_pca_center_suffix.svec,5000,0
1765449956.2095256,steered,tssb_mcq_k3_seed42,,mcq_cache/steering_100/tssb/mcq/tssb_mcq_k3_seed42.json,meta-llama/CodeLlama-7b-Instruct-hf,steered,3,band:0.90:6,1.5,42,0.4984,0.0016,2492,8,5000,mcq_cache/steering_100/tssb/steered_tssb_mcq_k3_seed42_meta-llama-CodeLlama-7b-Instruct-hf_k3_Lband-0.90-6_a1p5_seed42_es0_el5000.json,vectors/python/correctness_vector_100_codellama-7b-instruct-hf_pca_center_suffix.svec,5000,0
1765460312.7616427,steered,tssb_mcq_k3_seed42,,mcq_cache/steering_100/tssb/mcq/tssb_mcq_k3_seed42.json,meta-llama/CodeLlama-7b-Instruct-hf,steered,3,band:0.90:6,2.0,42,0.5012,0.0018,2506,9,5000,mcq_cache/steering_100/tssb/steered_tssb_mcq_k3_seed42_meta-llama-CodeLlama-7b-Instruct-hf_k3_Lband-0.90-6_a2p0_seed42_es0_el5000.json,vectors/python/correctness_vector_100_codellama-7b-instruct-hf_pca_center_suffix.svec,5000,0
1765470783.2638366,steered,tssb_mcq_k3_seed42,,mcq_cache/steering_100/tssb/mcq/tssb_mcq_k3_seed42.json,meta-llama/CodeLlama-7b-Instruct-hf,steered,3,band:0.90:6,2.5,42,0.5028,0.0018,2514,9,5000,mcq_cache/steering_100/tssb/steered_tssb_mcq_k3_seed42_meta-llama-CodeLlama-7b-Instruct-hf_k3_Lband-0.90-6_a2p5_seed42_es0_el5000.json,vectors/python/correctness_vector_100_codellama-7b-instruct-hf_pca_center_suffix.svec,5000,0
1765481011.9150527,steered,tssb_mcq_k3_seed42,,mcq_cache/steering_100/tssb/mcq/tssb_mcq_k3_seed42.json,meta-llama/CodeLlama-7b-Instruct-hf,steered,3,band:0.90:6,3.0,42,0.5028,0.0006,2514,3,5000,mcq_cache/steering_100/tssb/steered_tssb_mcq_k3_seed42_meta-llama-CodeLlama-7b-Instruct-hf_k3_Lband-0.90-6_a3p0_seed42_es0_el5000.json,vectors/python/correctness_vector_100_codellama-7b-instruct-hf_pca_center_suffix.svec,5000,0
1765481699.267832,steered,tssb_mcq_k3_seed42,,mcq_cache/steering_100/tssb/mcq/tssb_mcq_k3_seed42.json,Qwen/Qwen2.5-7B-Instruct,steered,3,band:0.15:6,1.0,42,0.6206,0.0,3103,0,5000,mcq_cache/steering_100/tssb/steered_tssb_mcq_k3_seed42_Qwen-Qwen2.5-7B-Instruct_k3_Lband-0.15-6_a1p0_seed42_es0_el5000.json,vectors/python/correctness_vector_100_qwen2-5-7b-instruct_pca_center_suffix.svec,5000,0
1765482262.8018014,steered,tssb_mcq_k3_seed42,,mcq_cache/steering_100/tssb/mcq/tssb_mcq_k3_seed42.json,Qwen/Qwen2.5-7B-Instruct,steered,3,band:0.15:6,1.5,42,0.614,0.0,3070,0,5000,mcq_cache/steering_100/tssb/steered_tssb_mcq_k3_seed42_Qwen-Qwen2.5-7B-Instruct_k3_Lband-0.15-6_a1p5_seed42_es0_el5000.json,vectors/python/correctness_vector_100_qwen2-5-7b-instruct_pca_center_suffix.svec,5000,0
1765482825.0473073,steered,tssb_mcq_k3_seed42,,mcq_cache/steering_100/tssb/mcq/tssb_mcq_k3_seed42.json,Qwen/Qwen2.5-7B-Instruct,steered,3,band:0.15:6,2.0,42,0.609,0.0,3045,0,5000,mcq_cache/steering_100/tssb/steered_tssb_mcq_k3_seed42_Qwen-Qwen2.5-7B-Instruct_k3_Lband-0.15-6_a2p0_seed42_es0_el5000.json,vectors/python/correctness_vector_100_qwen2-5-7b-instruct_pca_center_suffix.svec,5000,0
1765483394.70332,steered,tssb_mcq_k3_seed42,,mcq_cache/steering_100/tssb/mcq/tssb_mcq_k3_seed42.json,Qwen/Qwen2.5-7B-Instruct,steered,3,band:0.15:6,2.5,42,0.612,0.0,3060,0,5000,mcq_cache/steering_100/tssb/steered_tssb_mcq_k3_seed42_Qwen-Qwen2.5-7B-Instruct_k3_Lband-0.15-6_a2p5_seed42_es0_el5000.json,vectors/python/correctness_vector_100_qwen2-5-7b-instruct_pca_center_suffix.svec,5000,0
1765483950.2845752,steered,tssb_mcq_k3_seed42,,mcq_cache/steering_100/tssb/mcq/tssb_mcq_k3_seed42.json,Qwen/Qwen2.5-7B-Instruct,steered,3,band:0.15:6,3.0,42,0.6006,0.0,3003,0,5000,mcq_cache/steering_100/tssb/steered_tssb_mcq_k3_seed42_Qwen-Qwen2.5-7B-Instruct_k3_Lband-0.15-6_a3p0_seed42_es0_el5000.json,vectors/python/correctness_vector_100_qwen2-5-7b-instruct_pca_center_suffix.svec,5000,0
1765484511.1394083,steered,tssb_mcq_k3_seed42,,mcq_cache/steering_100/tssb/mcq/tssb_mcq_k3_seed42.json,Qwen/Qwen2.5-7B-Instruct,steered,3,band:0.35:6,1.0,42,0.61,0.0,3050,0,5000,mcq_cache/steering_100/tssb/steered_tssb_mcq_k3_seed42_Qwen-Qwen2.5-7B-Instruct_k3_Lband-0.35-6_a1p0_seed42_es0_el5000.json,vectors/python/correctness_vector_100_qwen2-5-7b-instruct_pca_center_suffix.svec,5000,0
1765485074.503859,steered,tssb_mcq_k3_seed42,,mcq_cache/steering_100/tssb/mcq/tssb_mcq_k3_seed42.json,Qwen/Qwen2.5-7B-Instruct,steered,3,band:0.35:6,1.5,42,0.5986,0.0,2993,0,5000,mcq_cache/steering_100/tssb/steered_tssb_mcq_k3_seed42_Qwen-Qwen2.5-7B-Instruct_k3_Lband-0.35-6_a1p5_seed42_es0_el5000.json,vectors/python/correctness_vector_100_qwen2-5-7b-instruct_pca_center_suffix.svec,5000,0
1765485640.3239002,steered,tssb_mcq_k3_seed42,,mcq_cache/steering_100/tssb/mcq/tssb_mcq_k3_seed42.json,Qwen/Qwen2.5-7B-Instruct,steered,3,band:0.35:6,2.0,42,0.5898,0.0,2949,0,5000,mcq_cache/steering_100/tssb/steered_tssb_mcq_k3_seed42_Qwen-Qwen2.5-7B-Instruct_k3_Lband-0.35-6_a2p0_seed42_es0_el5000.json,vectors/python/correctness_vector_100_qwen2-5-7b-instruct_pca_center_suffix.svec,5000,0
1765486208.2713885,steered,tssb_mcq_k3_seed42,,mcq_cache/steering_100/tssb/mcq/tssb_mcq_k3_seed42.json,Qwen/Qwen2.5-7B-Instruct,steered,3,band:0.35:6,2.5,42,0.5796,0.0,2898,0,5000,mcq_cache/steering_100/tssb/steered_tssb_mcq_k3_seed42_Qwen-Qwen2.5-7B-Instruct_k3_Lband-0.35-6_a2p5_seed42_es0_el5000.json,vectors/python/correctness_vector_100_qwen2-5-7b-instruct_pca_center_suffix.svec,5000,0
1765486778.687531,steered,tssb_mcq_k3_seed42,,mcq_cache/steering_100/tssb/mcq/tssb_mcq_k3_seed42.json,Qwen/Qwen2.5-7B-Instruct,steered,3,band:0.35:6,3.0,42,0.5658,0.0,2829,0,5000,mcq_cache/steering_100/tssb/steered_tssb_mcq_k3_seed42_Qwen-Qwen2.5-7B-Instruct_k3_Lband-0.35-6_a3p0_seed42_es0_el5000.json,vectors/python/correctness_vector_100_qwen2-5-7b-instruct_pca_center_suffix.svec,5000,0
1765487345.0193126,steered,tssb_mcq_k3_seed42,,mcq_cache/steering_100/tssb/mcq/tssb_mcq_k3_seed42.json,Qwen/Qwen2.5-7B-Instruct,steered,3,band:0.55:6,1.0,42,0.6422,0.0,3211,0,5000,mcq_cache/steering_100/tssb/steered_tssb_mcq_k3_seed42_Qwen-Qwen2.5-7B-Instruct_k3_Lband-0.55-6_a1p0_seed42_es0_el5000.json,vectors/python/correctness_vector_100_qwen2-5-7b-instruct_pca_center_suffix.svec,5000,0
1765487911.038281,steered,tssb_mcq_k3_seed42,,mcq_cache/steering_100/tssb/mcq/tssb_mcq_k3_seed42.json,Qwen/Qwen2.5-7B-Instruct,steered,3,band:0.55:6,1.5,42,0.6442,0.0,3221,0,5000,mcq_cache/steering_100/tssb/steered_tssb_mcq_k3_seed42_Qwen-Qwen2.5-7B-Instruct_k3_Lband-0.55-6_a1p5_seed42_es0_el5000.json,vectors/python/correctness_vector_100_qwen2-5-7b-instruct_pca_center_suffix.svec,5000,0
1765488477.9340763,steered,tssb_mcq_k3_seed42,,mcq_cache/steering_100/tssb/mcq/tssb_mcq_k3_seed42.json,Qwen/Qwen2.5-7B-Instruct,steered,3,band:0.55:6,2.0,42,0.643,0.0,3215,0,5000,mcq_cache/steering_100/tssb/steered_tssb_mcq_k3_seed42_Qwen-Qwen2.5-7B-Instruct_k3_Lband-0.55-6_a2p0_seed42_es0_el5000.json,vectors/python/correctness_vector_100_qwen2-5-7b-instruct_pca_center_suffix.svec,5000,0
1765489041.5326362,steered,tssb_mcq_k3_seed42,,mcq_cache/steering_100/tssb/mcq/tssb_mcq_k3_seed42.json,Qwen/Qwen2.5-7B-Instruct,steered,3,band:0.55:6,2.5,42,0.6412,0.0,3206,0,5000,mcq_cache/steering_100/tssb/steered_tssb_mcq_k3_seed42_Qwen-Qwen2.5-7B-Instruct_k3_Lband-0.55-6_a2p5_seed42_es0_el5000.json,vectors/python/correctness_vector_100_qwen2-5-7b-instruct_pca_center_suffix.svec,5000,0
1765489609.8334084,steered,tssb_mcq_k3_seed42,,mcq_cache/steering_100/tssb/mcq/tssb_mcq_k3_seed42.json,Qwen/Qwen2.5-7B-Instruct,steered,3,band:0.55:6,3.0,42,0.6346,0.0,3173,0,5000,mcq_cache/steering_100/tssb/steered_tssb_mcq_k3_seed42_Qwen-Qwen2.5-7B-Instruct_k3_Lband-0.55-6_a3p0_seed42_es0_el5000.json,vectors/python/correctness_vector_100_qwen2-5-7b-instruct_pca_center_suffix.svec,5000,0
1765490176.2040932,steered,tssb_mcq_k3_seed42,,mcq_cache/steering_100/tssb/mcq/tssb_mcq_k3_seed42.json,Qwen/Qwen2.5-7B-Instruct,steered,3,band:0.75:6,1.0,42,0.6204,0.0,3102,0,5000,mcq_cache/steering_100/tssb/steered_tssb_mcq_k3_seed42_Qwen-Qwen2.5-7B-Instruct_k3_Lband-0.75-6_a1p0_seed42_es0_el5000.json,vectors/python/correctness_vector_100_qwen2-5-7b-instruct_pca_center_suffix.svec,5000,0
1765490740.0025246,steered,tssb_mcq_k3_seed42,,mcq_cache/steering_100/tssb/mcq/tssb_mcq_k3_seed42.json,Qwen/Qwen2.5-7B-Instruct,steered,3,band:0.75:6,1.5,42,0.6186,0.0,3093,0,5000,mcq_cache/steering_100/tssb/steered_tssb_mcq_k3_seed42_Qwen-Qwen2.5-7B-Instruct_k3_Lband-0.75-6_a1p5_seed42_es0_el5000.json,vectors/python/correctness_vector_100_qwen2-5-7b-instruct_pca_center_suffix.svec,5000,0
1765491309.9363286,steered,tssb_mcq_k3_seed42,,mcq_cache/steering_100/tssb/mcq/tssb_mcq_k3_seed42.json,Qwen/Qwen2.5-7B-Instruct,steered,3,band:0.75:6,2.0,42,0.6128,0.0,3064,0,5000,mcq_cache/steering_100/tssb/steered_tssb_mcq_k3_seed42_Qwen-Qwen2.5-7B-Instruct_k3_Lband-0.75-6_a2p0_seed42_es0_el5000.json,vectors/python/correctness_vector_100_qwen2-5-7b-instruct_pca_center_suffix.svec,5000,0
1765491873.7985656,steered,tssb_mcq_k3_seed42,,mcq_cache/steering_100/tssb/mcq/tssb_mcq_k3_seed42.json,Qwen/Qwen2.5-7B-Instruct,steered,3,band:0.75:6,2.5,42,0.6084,0.0,3042,0,5000,mcq_cache/steering_100/tssb/steered_tssb_mcq_k3_seed42_Qwen-Qwen2.5-7B-Instruct_k3_Lband-0.75-6_a2p5_seed42_es0_el5000.json,vectors/python/correctness_vector_100_qwen2-5-7b-instruct_pca_center_suffix.svec,5000,0
1765492439.6504364,steered,tssb_mcq_k3_seed42,,mcq_cache/steering_100/tssb/mcq/tssb_mcq_k3_seed42.json,Qwen/Qwen2.5-7B-Instruct,steered,3,band:0.75:6,3.0,42,0.6054,0.0,3027,0,5000,mcq_cache/steering_100/tssb/steered_tssb_mcq_k3_seed42_Qwen-Qwen2.5-7B-Instruct_k3_Lband-0.75-6_a3p0_seed42_es0_el5000.json,vectors/python/correctness_vector_100_qwen2-5-7b-instruct_pca_center_suffix.svec,5000,0
1765493010.1881049,steered,tssb_mcq_k3_seed42,,mcq_cache/steering_100/tssb/mcq/tssb_mcq_k3_seed42.json,Qwen/Qwen2.5-7B-Instruct,steered,3,band:0.90:6,1.0,42,0.6284,0.0,3142,0,5000,mcq_cache/steering_100/tssb/steered_tssb_mcq_k3_seed42_Qwen-Qwen2.5-7B-Instruct_k3_Lband-0.90-6_a1p0_seed42_es0_el5000.json,vectors/python/correctness_vector_100_qwen2-5-7b-instruct_pca_center_suffix.svec,5000,0
1765493574.9638073,steered,tssb_mcq_k3_seed42,,mcq_cache/steering_100/tssb/mcq/tssb_mcq_k3_seed42.json,Qwen/Qwen2.5-7B-Instruct,steered,3,band:0.90:6,1.5,42,0.6302,0.0,3151,0,5000,mcq_cache/steering_100/tssb/steered_tssb_mcq_k3_seed42_Qwen-Qwen2.5-7B-Instruct_k3_Lband-0.90-6_a1p5_seed42_es0_el5000.json,vectors/python/correctness_vector_100_qwen2-5-7b-instruct_pca_center_suffix.svec,5000,0
1765494140.7148626,steered,tssb_mcq_k3_seed42,,mcq_cache/steering_100/tssb/mcq/tssb_mcq_k3_seed42.json,Qwen/Qwen2.5-7B-Instruct,steered,3,band:0.90:6,2.0,42,0.6318,0.0,3159,0,5000,mcq_cache/steering_100/tssb/steered_tssb_mcq_k3_seed42_Qwen-Qwen2.5-7B-Instruct_k3_Lband-0.90-6_a2p0_seed42_es0_el5000.json,vectors/python/correctness_vector_100_qwen2-5-7b-instruct_pca_center_suffix.svec,5000,0
1765494701.2131975,steered,tssb_mcq_k3_seed42,,mcq_cache/steering_100/tssb/mcq/tssb_mcq_k3_seed42.json,Qwen/Qwen2.5-7B-Instruct,steered,3,band:0.90:6,2.5,42,0.6316,0.0,3158,0,5000,mcq_cache/steering_100/tssb/steered_tssb_mcq_k3_seed42_Qwen-Qwen2.5-7B-Instruct_k3_Lband-0.90-6_a2p5_seed42_es0_el5000.json,vectors/python/correctness_vector_100_qwen2-5-7b-instruct_pca_center_suffix.svec,5000,0
1765495275.2106614,steered,tssb_mcq_k3_seed42,,mcq_cache/steering_100/tssb/mcq/tssb_mcq_k3_seed42.json,Qwen/Qwen2.5-7B-Instruct,steered,3,band:0.90:6,3.0,42,0.6328,0.0,3164,0,5000,mcq_cache/steering_100/tssb/steered_tssb_mcq_k3_seed42_Qwen-Qwen2.5-7B-Instruct_k3_Lband-0.90-6_a3p0_seed42_es0_el5000.json,vectors/python/correctness_vector_100_qwen2-5-7b-instruct_pca_center_suffix.svec,5000,0
1765495903.064498,steered,tssb_mcq_k3_seed42,,mcq_cache/steering_100/tssb/mcq/tssb_mcq_k3_seed42.json,Qwen/Qwen2.5-Coder-7B-Instruct,steered,3,band:0.15:6,1.0,42,0.7072,0.0,3536,0,5000,mcq_cache/steering_100/tssb/steered_tssb_mcq_k3_seed42_Qwen-Qwen2.5-Coder-7B-Instruct_k3_Lband-0.15-6_a1p0_seed42_es0_el5000.json,vectors/python/correctness_vector_100_qwen2-5-coder-7b-instruct_pca_center_suffix.svec,5000,0
1765496463.7759311,steered,tssb_mcq_k3_seed42,,mcq_cache/steering_100/tssb/mcq/tssb_mcq_k3_seed42.json,Qwen/Qwen2.5-Coder-7B-Instruct,steered,3,band:0.15:6,1.5,42,0.7086,0.0,3543,0,5000,mcq_cache/steering_100/tssb/steered_tssb_mcq_k3_seed42_Qwen-Qwen2.5-Coder-7B-Instruct_k3_Lband-0.15-6_a1p5_seed42_es0_el5000.json,vectors/python/correctness_vector_100_qwen2-5-coder-7b-instruct_pca_center_suffix.svec,5000,0
1765497027.3882952,steered,tssb_mcq_k3_seed42,,mcq_cache/steering_100/tssb/mcq/tssb_mcq_k3_seed42.json,Qwen/Qwen2.5-Coder-7B-Instruct,steered,3,band:0.15:6,2.0,42,0.7106,0.0,3553,0,5000,mcq_cache/steering_100/tssb/steered_tssb_mcq_k3_seed42_Qwen-Qwen2.5-Coder-7B-Instruct_k3_Lband-0.15-6_a2p0_seed42_es0_el5000.json,vectors/python/correctness_vector_100_qwen2-5-coder-7b-instruct_pca_center_suffix.svec,5000,0
1765497586.7288587,steered,tssb_mcq_k3_seed42,,mcq_cache/steering_100/tssb/mcq/tssb_mcq_k3_seed42.json,Qwen/Qwen2.5-Coder-7B-Instruct,steered,3,band:0.15:6,2.5,42,0.7144,0.0,3572,0,5000,mcq_cache/steering_100/tssb/steered_tssb_mcq_k3_seed42_Qwen-Qwen2.5-Coder-7B-Instruct_k3_Lband-0.15-6_a2p5_seed42_es0_el5000.json,vectors/python/correctness_vector_100_qwen2-5-coder-7b-instruct_pca_center_suffix.svec,5000,0
1765498147.3061745,steered,tssb_mcq_k3_seed42,,mcq_cache/steering_100/tssb/mcq/tssb_mcq_k3_seed42.json,Qwen/Qwen2.5-Coder-7B-Instruct,steered,3,band:0.15:6,3.0,42,0.7134,0.0,3567,0,5000,mcq_cache/steering_100/tssb/steered_tssb_mcq_k3_seed42_Qwen-Qwen2.5-Coder-7B-Instruct_k3_Lband-0.15-6_a3p0_seed42_es0_el5000.json,vectors/python/correctness_vector_100_qwen2-5-coder-7b-instruct_pca_center_suffix.svec,5000,0
1765498716.5118287,steered,tssb_mcq_k3_seed42,,mcq_cache/steering_100/tssb/mcq/tssb_mcq_k3_seed42.json,Qwen/Qwen2.5-Coder-7B-Instruct,steered,3,band:0.35:6,1.0,42,0.7032,0.0,3516,0,5000,mcq_cache/steering_100/tssb/steered_tssb_mcq_k3_seed42_Qwen-Qwen2.5-Coder-7B-Instruct_k3_Lband-0.35-6_a1p0_seed42_es0_el5000.json,vectors/python/correctness_vector_100_qwen2-5-coder-7b-instruct_pca_center_suffix.svec,5000,0
1765499285.7212713,steered,tssb_mcq_k3_seed42,,mcq_cache/steering_100/tssb/mcq/tssb_mcq_k3_seed42.json,Qwen/Qwen2.5-Coder-7B-Instruct,steered,3,band:0.35:6,1.5,42,0.7006,0.0,3503,0,5000,mcq_cache/steering_100/tssb/steered_tssb_mcq_k3_seed42_Qwen-Qwen2.5-Coder-7B-Instruct_k3_Lband-0.35-6_a1p5_seed42_es0_el5000.json,vectors/python/correctness_vector_100_qwen2-5-coder-7b-instruct_pca_center_suffix.svec,5000,0
1765499847.5886097,steered,tssb_mcq_k3_seed42,,mcq_cache/steering_100/tssb/mcq/tssb_mcq_k3_seed42.json,Qwen/Qwen2.5-Coder-7B-Instruct,steered,3,band:0.35:6,2.0,42,0.7004,0.0,3502,0,5000,mcq_cache/steering_100/tssb/steered_tssb_mcq_k3_seed42_Qwen-Qwen2.5-Coder-7B-Instruct_k3_Lband-0.35-6_a2p0_seed42_es0_el5000.json,vectors/python/correctness_vector_100_qwen2-5-coder-7b-instruct_pca_center_suffix.svec,5000,0
1765500410.4343123,steered,tssb_mcq_k3_seed42,,mcq_cache/steering_100/tssb/mcq/tssb_mcq_k3_seed42.json,Qwen/Qwen2.5-Coder-7B-Instruct,steered,3,band:0.35:6,2.5,42,0.6994,0.0,3497,0,5000,mcq_cache/steering_100/tssb/steered_tssb_mcq_k3_seed42_Qwen-Qwen2.5-Coder-7B-Instruct_k3_Lband-0.35-6_a2p5_seed42_es0_el5000.json,vectors/python/correctness_vector_100_qwen2-5-coder-7b-instruct_pca_center_suffix.svec,5000,0
1765500970.9369144,steered,tssb_mcq_k3_seed42,,mcq_cache/steering_100/tssb/mcq/tssb_mcq_k3_seed42.json,Qwen/Qwen2.5-Coder-7B-Instruct,steered,3,band:0.35:6,3.0,42,0.6972,0.0,3486,0,5000,mcq_cache/steering_100/tssb/steered_tssb_mcq_k3_seed42_Qwen-Qwen2.5-Coder-7B-Instruct_k3_Lband-0.35-6_a3p0_seed42_es0_el5000.json,vectors/python/correctness_vector_100_qwen2-5-coder-7b-instruct_pca_center_suffix.svec,5000,0
1765501536.7773855,steered,tssb_mcq_k3_seed42,,mcq_cache/steering_100/tssb/mcq/tssb_mcq_k3_seed42.json,Qwen/Qwen2.5-Coder-7B-Instruct,steered,3,band:0.55:6,1.0,42,0.6996,0.0,3498,0,5000,mcq_cache/steering_100/tssb/steered_tssb_mcq_k3_seed42_Qwen-Qwen2.5-Coder-7B-Instruct_k3_Lband-0.55-6_a1p0_seed42_es0_el5000.json,vectors/python/correctness_vector_100_qwen2-5-coder-7b-instruct_pca_center_suffix.svec,5000,0
1765502102.1518433,steered,tssb_mcq_k3_seed42,,mcq_cache/steering_100/tssb/mcq/tssb_mcq_k3_seed42.json,Qwen/Qwen2.5-Coder-7B-Instruct,steered,3,band:0.55:6,1.5,42,0.6984,0.0,3492,0,5000,mcq_cache/steering_100/tssb/steered_tssb_mcq_k3_seed42_Qwen-Qwen2.5-Coder-7B-Instruct_k3_Lband-0.55-6_a1p5_seed42_es0_el5000.json,vectors/python/correctness_vector_100_qwen2-5-coder-7b-instruct_pca_center_suffix.svec,5000,0
1765502668.0720072,steered,tssb_mcq_k3_seed42,,mcq_cache/steering_100/tssb/mcq/tssb_mcq_k3_seed42.json,Qwen/Qwen2.5-Coder-7B-Instruct,steered,3,band:0.55:6,2.0,42,0.6944,0.0,3472,0,5000,mcq_cache/steering_100/tssb/steered_tssb_mcq_k3_seed42_Qwen-Qwen2.5-Coder-7B-Instruct_k3_Lband-0.55-6_a2p0_seed42_es0_el5000.json,vectors/python/correctness_vector_100_qwen2-5-coder-7b-instruct_pca_center_suffix.svec,5000,0
1765503236.373667,steered,tssb_mcq_k3_seed42,,mcq_cache/steering_100/tssb/mcq/tssb_mcq_k3_seed42.json,Qwen/Qwen2.5-Coder-7B-Instruct,steered,3,band:0.55:6,2.5,42,0.6908,0.0,3454,0,5000,mcq_cache/steering_100/tssb/steered_tssb_mcq_k3_seed42_Qwen-Qwen2.5-Coder-7B-Instruct_k3_Lband-0.55-6_a2p5_seed42_es0_el5000.json,vectors/python/correctness_vector_100_qwen2-5-coder-7b-instruct_pca_center_suffix.svec,5000,0
1765503805.6757646,steered,tssb_mcq_k3_seed42,,mcq_cache/steering_100/tssb/mcq/tssb_mcq_k3_seed42.json,Qwen/Qwen2.5-Coder-7B-Instruct,steered,3,band:0.55:6,3.0,42,0.688,0.0,3440,0,5000,mcq_cache/steering_100/tssb/steered_tssb_mcq_k3_seed42_Qwen-Qwen2.5-Coder-7B-Instruct_k3_Lband-0.55-6_a3p0_seed42_es0_el5000.json,vectors/python/correctness_vector_100_qwen2-5-coder-7b-instruct_pca_center_suffix.svec,5000,0
1765504369.115809,steered,tssb_mcq_k3_seed42,,mcq_cache/steering_100/tssb/mcq/tssb_mcq_k3_seed42.json,Qwen/Qwen2.5-Coder-7B-Instruct,steered,3,band:0.75:6,1.0,42,0.7042,0.0,3521,0,5000,mcq_cache/steering_100/tssb/steered_tssb_mcq_k3_seed42_Qwen-Qwen2.5-Coder-7B-Instruct_k3_Lband-0.75-6_a1p0_seed42_es0_el5000.json,vectors/python/correctness_vector_100_qwen2-5-coder-7b-instruct_pca_center_suffix.svec,5000,0
1765504935.292646,steered,tssb_mcq_k3_seed42,,mcq_cache/steering_100/tssb/mcq/tssb_mcq_k3_seed42.json,Qwen/Qwen2.5-Coder-7B-Instruct,steered,3,band:0.75:6,1.5,42,0.705,0.0,3525,0,5000,mcq_cache/steering_100/tssb/steered_tssb_mcq_k3_seed42_Qwen-Qwen2.5-Coder-7B-Instruct_k3_Lband-0.75-6_a1p5_seed42_es0_el5000.json,vectors/python/correctness_vector_100_qwen2-5-coder-7b-instruct_pca_center_suffix.svec,5000,0
1765505503.4311314,steered,tssb_mcq_k3_seed42,,mcq_cache/steering_100/tssb/mcq/tssb_mcq_k3_seed42.json,Qwen/Qwen2.5-Coder-7B-Instruct,steered,3,band:0.75:6,2.0,42,0.705,0.0,3525,0,5000,mcq_cache/steering_100/tssb/steered_tssb_mcq_k3_seed42_Qwen-Qwen2.5-Coder-7B-Instruct_k3_Lband-0.75-6_a2p0_seed42_es0_el5000.json,vectors/python/correctness_vector_100_qwen2-5-coder-7b-instruct_pca_center_suffix.svec,5000,0
1765506065.5023637,steered,tssb_mcq_k3_seed42,,mcq_cache/steering_100/tssb/mcq/tssb_mcq_k3_seed42.json,Qwen/Qwen2.5-Coder-7B-Instruct,steered,3,band:0.75:6,2.5,42,0.7062,0.0,3531,0,5000,mcq_cache/steering_100/tssb/steered_tssb_mcq_k3_seed42_Qwen-Qwen2.5-Coder-7B-Instruct_k3_Lband-0.75-6_a2p5_seed42_es0_el5000.json,vectors/python/correctness_vector_100_qwen2-5-coder-7b-instruct_pca_center_suffix.svec,5000,0
1765506630.311719,steered,tssb_mcq_k3_seed42,,mcq_cache/steering_100/tssb/mcq/tssb_mcq_k3_seed42.json,Qwen/Qwen2.5-Coder-7B-Instruct,steered,3,band:0.75:6,3.0,42,0.7078,0.0,3539,0,5000,mcq_cache/steering_100/tssb/steered_tssb_mcq_k3_seed42_Qwen-Qwen2.5-Coder-7B-Instruct_k3_Lband-0.75-6_a3p0_seed42_es0_el5000.json,vectors/python/correctness_vector_100_qwen2-5-coder-7b-instruct_pca_center_suffix.svec,5000,0
1765507193.7138872,steered,tssb_mcq_k3_seed42,,mcq_cache/steering_100/tssb/mcq/tssb_mcq_k3_seed42.json,Qwen/Qwen2.5-Coder-7B-Instruct,steered,3,band:0.90:6,1.0,42,0.7052,0.0,3526,0,5000,mcq_cache/steering_100/tssb/steered_tssb_mcq_k3_seed42_Qwen-Qwen2.5-Coder-7B-Instruct_k3_Lband-0.90-6_a1p0_seed42_es0_el5000.json,vectors/python/correctness_vector_100_qwen2-5-coder-7b-instruct_pca_center_suffix.svec,5000,0
1765507763.4800677,steered,tssb_mcq_k3_seed42,,mcq_cache/steering_100/tssb/mcq/tssb_mcq_k3_seed42.json,Qwen/Qwen2.5-Coder-7B-Instruct,steered,3,band:0.90:6,1.5,42,0.7042,0.0,3521,0,5000,mcq_cache/steering_100/tssb/steered_tssb_mcq_k3_seed42_Qwen-Qwen2.5-Coder-7B-Instruct_k3_Lband-0.90-6_a1p5_seed42_es0_el5000.json,vectors/python/correctness_vector_100_qwen2-5-coder-7b-instruct_pca_center_suffix.svec,5000,0
1765508335.4385536,steered,tssb_mcq_k3_seed42,,mcq_cache/steering_100/tssb/mcq/tssb_mcq_k3_seed42.json,Qwen/Qwen2.5-Coder-7B-Instruct,steered,3,band:0.90:6,2.0,42,0.7046,0.0,3523,0,5000,mcq_cache/steering_100/tssb/steered_tssb_mcq_k3_seed42_Qwen-Qwen2.5-Coder-7B-Instruct_k3_Lband-0.90-6_a2p0_seed42_es0_el5000.json,vectors/python/correctness_vector_100_qwen2-5-coder-7b-instruct_pca_center_suffix.svec,5000,0
1765508905.3078024,steered,tssb_mcq_k3_seed42,,mcq_cache/steering_100/tssb/mcq/tssb_mcq_k3_seed42.json,Qwen/Qwen2.5-Coder-7B-Instruct,steered,3,band:0.90:6,2.5,42,0.7046,0.0,3523,0,5000,mcq_cache/steering_100/tssb/steered_tssb_mcq_k3_seed42_Qwen-Qwen2.5-Coder-7B-Instruct_k3_Lband-0.90-6_a2p5_seed42_es0_el5000.json,vectors/python/correctness_vector_100_qwen2-5-coder-7b-instruct_pca_center_suffix.svec,5000,0
1765509467.5187492,steered,tssb_mcq_k3_seed42,,mcq_cache/steering_100/tssb/mcq/tssb_mcq_k3_seed42.json,Qwen/Qwen2.5-Coder-7B-Instruct,steered,3,band:0.90:6,3.0,42,0.7046,0.0,3523,0,5000,mcq_cache/steering_100/tssb/steered_tssb_mcq_k3_seed42_Qwen-Qwen2.5-Coder-7B-Instruct_k3_Lband-0.90-6_a3p0_seed42_es0_el5000.json,vectors/python/correctness_vector_100_qwen2-5-coder-7b-instruct_pca_center_suffix.svec,5000,0
1765510585.442903,steered,tssb_mcq_k3_seed42,,mcq_cache/steering_100/tssb/mcq/tssb_mcq_k3_seed42.json,Qwen/Qwen2.5-Coder-14B-Instruct,steered,3,band:0.15:6,1.0,42,0.695,0.0,3475,0,5000,mcq_cache/steering_100/tssb/steered_tssb_mcq_k3_seed42_Qwen-Qwen2.5-Coder-14B-Instruct_k3_Lband-0.15-6_a1p0_seed42_es0_el5000.json,vectors/python/correctness_vector_100_qwen2-5-coder-14b-instruct_pca_center_suffix.svec,5000,0
1765511563.1623368,steered,tssb_mcq_k3_seed42,,mcq_cache/steering_100/tssb/mcq/tssb_mcq_k3_seed42.json,Qwen/Qwen2.5-Coder-14B-Instruct,steered,3,band:0.15:6,1.5,42,0.697,0.0,3485,0,5000,mcq_cache/steering_100/tssb/steered_tssb_mcq_k3_seed42_Qwen-Qwen2.5-Coder-14B-Instruct_k3_Lband-0.15-6_a1p5_seed42_es0_el5000.json,vectors/python/correctness_vector_100_qwen2-5-coder-14b-instruct_pca_center_suffix.svec,5000,0
1765512543.221889,steered,tssb_mcq_k3_seed42,,mcq_cache/steering_100/tssb/mcq/tssb_mcq_k3_seed42.json,Qwen/Qwen2.5-Coder-14B-Instruct,steered,3,band:0.15:6,2.0,42,0.6998,0.0,3499,0,5000,mcq_cache/steering_100/tssb/steered_tssb_mcq_k3_seed42_Qwen-Qwen2.5-Coder-14B-Instruct_k3_Lband-0.15-6_a2p0_seed42_es0_el5000.json,vectors/python/correctness_vector_100_qwen2-5-coder-14b-instruct_pca_center_suffix.svec,5000,0
1765513524.2343774,steered,tssb_mcq_k3_seed42,,mcq_cache/steering_100/tssb/mcq/tssb_mcq_k3_seed42.json,Qwen/Qwen2.5-Coder-14B-Instruct,steered,3,band:0.15:6,2.5,42,0.6988,0.0,3494,0,5000,mcq_cache/steering_100/tssb/steered_tssb_mcq_k3_seed42_Qwen-Qwen2.5-Coder-14B-Instruct_k3_Lband-0.15-6_a2p5_seed42_es0_el5000.json,vectors/python/correctness_vector_100_qwen2-5-coder-14b-instruct_pca_center_suffix.svec,5000,0
1765514498.0118253,steered,tssb_mcq_k3_seed42,,mcq_cache/steering_100/tssb/mcq/tssb_mcq_k3_seed42.json,Qwen/Qwen2.5-Coder-14B-Instruct,steered,3,band:0.15:6,3.0,42,0.6992,0.0,3496,0,5000,mcq_cache/steering_100/tssb/steered_tssb_mcq_k3_seed42_Qwen-Qwen2.5-Coder-14B-Instruct_k3_Lband-0.15-6_a3p0_seed42_es0_el5000.json,vectors/python/correctness_vector_100_qwen2-5-coder-14b-instruct_pca_center_suffix.svec,5000,0
1765515488.015195,steered,tssb_mcq_k3_seed42,,mcq_cache/steering_100/tssb/mcq/tssb_mcq_k3_seed42.json,Qwen/Qwen2.5-Coder-14B-Instruct,steered,3,band:0.35:6,1.0,42,0.689,0.0,3445,0,5000,mcq_cache/steering_100/tssb/steered_tssb_mcq_k3_seed42_Qwen-Qwen2.5-Coder-14B-Instruct_k3_Lband-0.35-6_a1p0_seed42_es0_el5000.json,vectors/python/correctness_vector_100_qwen2-5-coder-14b-instruct_pca_center_suffix.svec,5000,0
1765516468.821987,steered,tssb_mcq_k3_seed42,,mcq_cache/steering_100/tssb/mcq/tssb_mcq_k3_seed42.json,Qwen/Qwen2.5-Coder-14B-Instruct,steered,3,band:0.35:6,1.5,42,0.6872,0.0,3436,0,5000,mcq_cache/steering_100/tssb/steered_tssb_mcq_k3_seed42_Qwen-Qwen2.5-Coder-14B-Instruct_k3_Lband-0.35-6_a1p5_seed42_es0_el5000.json,vectors/python/correctness_vector_100_qwen2-5-coder-14b-instruct_pca_center_suffix.svec,5000,0
