bug_type,num_rows,example_source_id,example_category,example_bug_family,example_original_statement,example_buggy_statement,example_targeted_oracle,example_expected_failure_mode,example_file_name_updated,proposed_mutation_type,review_notes
MULTIPLY_TO_ADD,34,tests/4.5/target/test_target_device1.c,target,loop_body,A[i] = A[i] * A[i];,A[i] = A[i] + A[i];,verification checks A[i] == i*i,target computation doubles A[i] instead of squaring it,test_target_device1_MULTIPLY_TO_ADD.c,,
ACCUMULATE_TO_ASSIGN,5,tests/4.5/target_simd/test_nested_target_simd.c,target_simd,loop_body,a[i] += b[i] * c[i];,a[i] = b[i] * c[i];,"OMPVV_TEST_AND_SET(errors, (a[i] != 1 + (b[i] * c[i])))",initial value 1 is dropped from the accumulation,test_nested_target_simd_ACCUMULATE_TO_ASSIGN.c,,
ADD_TO_SUBTRACT,5,tests/4.5/target_simd/test_target_simd_safelen.c,target_simd,loop_body,A[i-128] += A[i];,A[i-128] -= A[i];,"OMPVV_TEST_AND_SET(errors, (A[i] != A_host[i]))",GPU computation subtracts where CPU reference adds,test_target_simd_safelen_ADD_TO_SUBTRACT.c,,
BODY_ADD_TO_SUB,4,tests/4.5/target_teams_distribute/test_target_teams_distribute_reduction_add.c,target_teams_distribute,loop_body,total += a[x] + b[x];,total -= a[x] + b[x];,oracle checks host_total == total,loop body updates reduction variable using the wrong operator,test_target_teams_distribute_reduction_add_BODY_ADD_TO_SUB.c,,
REDUCTION_MAX_TO_MIN,4,tests/4.5/target_teams_distribute/test_target_teams_distribute_reduction_max.c,target_teams_distribute,reduction,#pragma omp target teams distribute reduction(max:result) defaultmap(tofrom:scalar),#pragma omp target teams distribute reduction(min:result) defaultmap(tofrom:scalar),oracle checks result == host_max,target teams distribute reduction operator is changed,test_target_teams_distribute_reduction_max_REDUCTION_MAX_TO_MIN.c,,
REDUCTION_MIN_TO_MAX,4,tests/4.5/target_teams_distribute/test_target_teams_distribute_reduction_min.c,target_teams_distribute,reduction,#pragma omp target teams distribute reduction(min:result) defaultmap(tofrom:scalar),#pragma omp target teams distribute reduction(max:result) defaultmap(tofrom:scalar),oracle checks result == host_min,target teams distribute reduction operator is changed,test_target_teams_distribute_reduction_min_REDUCTION_MIN_TO_MAX.c,,
ADD_TO_SUB,3,tests/5.0/target/test_target_teams_num_teams.c,target,loop_body,c[i] = a[i] + b[i];,c[i] = a[i] - b[i];,oracle checks c[i] == a[i] + b[i],target teams body subtracts b instead of adding it,test_target_teams_num_teams_ADD_TO_SUB.c,,
ASSIGN_I_TO_I_PLUS1,3,tests/5.1/metadirective/test_metadirective_target_device_kind.c,metadirective,loop_body,A[i] = i;,A[i] = i + 1;,oracle checks A[i] == i,target branch writes i+1 instead of i,test_metadirective_target_device_kind_ASSIGN_I_TO_I_PLUS1.c,,
BODY_BITAND_TO_BITOR,3,tests/4.5/target_teams_distribute/test_target_teams_distribute_reduction_bitand.c,target_teams_distribute,loop_body,b = b & a[x];,b = b | a[x];,oracle checks b == host_b,loop body updates reduction variable using the wrong operator,test_target_teams_distribute_reduction_bitand_BODY_BITAND_TO_BITOR.c,,
BODY_BITOR_TO_BITAND,3,tests/4.5/target_teams_distribute/test_target_teams_distribute_reduction_bitor.c,target_teams_distribute,loop_body,b = b | a[x];,b = b & a[x];,oracle checks b == host_b,loop body updates reduction variable using the wrong operator,test_target_teams_distribute_reduction_bitor_BODY_BITOR_TO_BITAND.c,,
BODY_MUL_TO_ADD,3,tests/4.5/target_teams_distribute/test_target_teams_distribute_reduction_multiply.c,target_teams_distribute,loop_body,result *= a[x + y];,result += a[x + y];,oracle checks host_result == result for each 16-element chunk,loop body updates reduction variable using the wrong operator,test_target_teams_distribute_reduction_multiply_BODY_MUL_TO_ADD.c,,
BODY_SUB_TO_ADD,3,tests/4.5/target_teams_distribute/test_target_teams_distribute_reduction_subtract.c,target_teams_distribute,loop_body,total -= a[x] + b[x];,total += a[x] + b[x];,oracle checks host_total == total,loop body updates reduction variable using the wrong operator,test_target_teams_distribute_reduction_subtract_BODY_SUB_TO_ADD.c,,
REDUCTION_BITAND_TO_BITOR,3,tests/4.5/target_teams_distribute/test_target_teams_distribute_reduction_bitand.c,target_teams_distribute,reduction,#pragma omp target teams distribute reduction(&:b) defaultmap(tofrom:scalar),#pragma omp target teams distribute reduction(|:b) defaultmap(tofrom:scalar),oracle checks b == host_b,target teams distribute reduction operator is changed,test_target_teams_distribute_reduction_bitand_REDUCTION_BITAND_TO_BITOR.c,,
REDUCTION_BITOR_TO_BITAND,3,tests/4.5/target_teams_distribute/test_target_teams_distribute_reduction_bitor.c,target_teams_distribute,reduction,#pragma omp target teams distribute reduction(|:b) defaultmap(tofrom:scalar),#pragma omp target teams distribute reduction(&:b) defaultmap(tofrom:scalar),oracle checks b == host_b,target teams distribute reduction operator is changed,test_target_teams_distribute_reduction_bitor_REDUCTION_BITOR_TO_BITAND.c,,
REDUCTION_BITXOR_TO_BITOR,3,tests/4.5/target_teams_distribute/test_target_teams_distribute_reduction_bitxor.c,target_teams_distribute,reduction,#pragma omp target teams distribute reduction(^:b) defaultmap(tofrom:scalar),#pragma omp target teams distribute reduction(|:b) defaultmap(tofrom:scalar),oracle checks b == host_b,target teams distribute reduction operator is changed,test_target_teams_distribute_reduction_bitxor_REDUCTION_BITXOR_TO_BITOR.c,,
THREE_K_TO_TWO_K,3,tests/5.0/target_parallel_loop/test_target_parallel_loop_bind.c,target_parallel_loop,loop_body,arr[i][j][k] += i+2*j+3*k;,arr[i][j][k] += i+2*j+2*k;,oracle checks arr[i][j][k] == 1 + i + 2*j + 3*k,loop body uses 2*k instead of 3*k,test_target_parallel_loop_bind_THREE_K_TO_TWO_K.c,,
WRONG_DECLARE_TARGET_COMPUTE,3,tests/4.5/declare_target/test_declare_target_end_declare_target.c,declare_target,loop_body,a[i] = b[i]*c[i] + aint * i;,a[i] = b[i]*c[i] + (aint + 1) * i;,"OMPVV_TEST_AND_SET_VERBOSE(errors, x[i] != (y[i] * z[i] + 10 * i))",declare-target function computes 11*i contribution while oracle expects 10*i,test_declare_target_end_WRONG_AINT_TERM.c,,
BODY_BITXOR_TO_BITOR,2,tests/4.5/target_teams_distribute/test_target_teams_distribute_reduction_bitxor.c,target_teams_distribute,loop_body,b = (b ^ a[x]);,b = (b | a[x]);,oracle checks b == host_b,loop body updates reduction variable using the wrong operator,test_target_teams_distribute_reduction_bitxor_BODY_BITXOR_TO_BITOR.c,,
BODY_FMAX_TO_FMIN,2,tests/4.5/target_teams_distribute/test_target_teams_distribute_reduction_max.c,target_teams_distribute,loop_body,"result = fmax(a[x] + b[x], result);","result = fmin(a[x] + b[x], result);",oracle checks result == host_max,loop body updates reduction variable using the wrong operator,test_target_teams_distribute_reduction_max_BODY_FMAX_TO_FMIN.c,,
BODY_FMIN_TO_FMAX,2,tests/4.5/target_teams_distribute/test_target_teams_distribute_reduction_min.c,target_teams_distribute,loop_body,"result = fmin(result, a[x] + b[x]);","result = fmax(result, a[x] + b[x]);",oracle checks result == host_min,loop body updates reduction variable using the wrong operator,test_target_teams_distribute_reduction_min_BODY_FMIN_TO_FMAX.c,,
C_ADD_B_TO_SUB_B,2,tests/4.5/target_update/test_target_update_if.c,target_update,loop_body,c[j] = (c[j] + b[j]);//if b is updated c=16 else c=14,c[j] = (c[j] - b[j]);//if b is updated c=16 else c=14,oracle expects c[i] == 16 or c[i] == 14 depending on change_flag,target subtracts b instead of adding it,test_target_update_if_C_ADD_B_TO_SUB_B.c,,
DEVICE_PLUS10_TO_PLUS9,2,tests/5.0/requires/test_requires_unified_shared_memory_heap_is_device_ptr.c,requires,loop_body,anArray[i] += 10;,anArray[i] += 9;,oracle checks anArray[i] == i + 20,device-side USM update adds 9 instead of 10,test_requires_unified_shared_memory_heap_is_device_ptr_DEVICE_PLUS10_TO_PLUS9.c,,
IF_GE_TO_GT,2,tests/4.5/target_teams_distribute/test_target_teams_distribute_if.c,target_teams_distribute,condition,#pragma omp target teams distribute if(attempt >= ATTEMPT_THRESHOLD) map(tofrom: a),#pragma omp target teams distribute if(attempt > ATTEMPT_THRESHOLD) map(tofrom: a),checks a[i] == 1 + ATTEMPT_THRESHOLD,attempt equal to threshold executes in the wrong branch,test_target_teams_distribute_if_IF_GE_TO_GT.c,,
MASTER_TASKLOOP_SIMD_TO_TASKLOOP_SIMD,2,tests/5.0/master_taskloop_simd/test_master_taskloop_simd.c,master_taskloop_simd,directive_semantics,#pragma omp master taskloop simd,#pragma omp taskloop simd,x[i] == 1 + y[i]*z[i] for all i,removing master changes execution context and can invalidate intended single-thread task generation semantics,test_master_taskloop_simd_DROP_MASTER.c,,
MASTER_TASKLOOP_TO_TASKLOOP,2,tests/5.0/master_taskloop/test_master_taskloop.c,master_taskloop,directive_semantics,#pragma omp master taskloop,#pragma omp taskloop,x[i] == 1 + y[i]*z[i] for all i,removing master changes execution context and can invalidate intended single-thread task generation semantics,test_master_taskloop_DROP_MASTER.c,,
PLUS1_TO_PLUS2,2,tests/5.0/teams_loop/test_target_teams_loop_device.c,teams_loop,loop_body,a[i] = a[i] + 1;,a[i] = a[i] + 2;,oracle checks a[i] == total_dev,each device pass increments by 2 instead of 1,test_target_teams_loop_device_PLUS1_TO_PLUS2.c,,
TEAM_NUM_PLUS_ONE,2,tests/6.0/target/test_target_teams_groupprivate.c,target,loop_body,group_sum = omp_get_team_num();,group_sum = omp_get_team_num() + 1;,oracle checks team_sum equals sum of team numbers,groupprivate value is one too high,test_target_teams_groupprivate_TEAM_NUM_PLUS_ONE.c,,
UPDATE_A_PLUS1_TO_PLUS2,2,tests/5.0/declare_target/test_declare_target_device_type_any.c,declare_target,loop_body,a[i] += 1;,a[i] += 2;,oracles check a[i] == i+1 after target update and i+2 after host update,declare-target update increments a by 2 instead of 1,test_declare_target_device_type_any_UPDATE_A_PLUS1_TO_PLUS2.c,,
UPDATE_TO_TO_FROM,2,tests/4.5/target_update/test_target_update_if.c,target_update,target_update,#pragma omp target update if (change_flag) to(b[:N]) //update b=4 for all odd iterations,#pragma omp target update if (change_flag) from(b[:N]) //update b=4 for all odd iterations,"when change_flag is true, oracle expects device b to be updated to 4 and c[i] == 16",host-updated b is not copied to device,test_target_update_if_UPDATE_TO_TO_FROM.c,,
WRONG_PREFIX_OUTPUT_INDEX,2,tests/4.5/target_simd/test_target_simd_collapse.c,target_simd,loop_body,b[x][y][z + 1] = b[x][y][z] + a[x][y][z];,b[x][y][z] = b[x][y][z] + a[x][y][z];,"OMPVV_TEST_AND_SET(errors, ((temp_total - b[x][y][z]) != 0))",prefix output is written to the current index instead of the next index,test_target_simd_collapse_WRONG_ARRAY_INDEX.c,,
X_10_TO_9,2,tests/5.0/target_requires/test_target_requires_atomic_default_mem_order_acq_rel.c,target_requires,loop_body,x = 10;,x = 9;,oracle checks x == 10,producer writes 9 instead of 10,test_target_requires_atomic_default_mem_order_acq_rel_X_10_TO_9.c,,
Y_PLUS2_TO_MINUS2,2,tests/5.1/order/test_taskloop_simd_order_reproducible_device.c,order,loop_body,y[i] = x[i] + 2;,y[i] = x[i] - 2;,oracle checks y[i] == i+4,second taskloop subtracts 2 instead of adding 2,test_taskloop_simd_order_reproducible_device_Y_PLUS2_TO_MINUS2.c,,
ADD_DEV_PLUS_ONE_TO_DEV,1,tests/4.5/target/test_target_device.c,target,loop_body,array[i] += dev + 1;,array[i] += dev;,oracle checks array[i] == dev after starting from -1,array becomes dev-1 instead of dev,test_target_device_ADD_DEV_PLUS_ONE_TO_DEV.c,,
ADD_DEV_TO_ADD_ONE,1,tests/4.5/target_teams_distribute_parallel_for/test_target_teams_distribute_parallel_for_devices.c,target_teams_distribute_parallel_for,loop_body,a[i] += dev;,a[i] += 1;,"OMPVV_TEST_AND_SET(errors, a[i] != 1 + dev)","for dev != 1, array values do not match expected per-device increment",test_target_teams_devices_ADD_DEV_TO_ADD_ONE.c,,
ADD_TO_NOOP,1,tests/4.5/target_simd/test_target_simd_simdlen.c,target_simd,loop_body,A[i] += A[i];,A[i] = A[i];,"OMPVV_TEST_AND_SET(errors, A[i] != 1<<7)","first loop leaves A unchanged, so final value is not 128",test_target_simd_simdlen_ADD_TO_NOOP.c,,
ARRAY_ASSIGN_10_TO_9,1,tests/4.5/target_teams_distribute_parallel_for/test_target_teams_distribute_parallel_for_map_from.c,target_teams_distribute_parallel_for,loop_body,a[j] = 10;,a[j] = 9;,oracle checks a[i] == 10,array copied back with wrong value,test_target_teams_map_from_ARRAY_10_TO_9.c,,
ARR_TEAM_NUM_TO_THREAD_NUM,1,tests/4.5/target_teams_distribute_parallel_for/test_target_teams_distribute_parallel_for_dist_schedule.c,target_teams_distribute_parallel_for,loop_body,arr[i] = omp_get_team_num();,arr[i] = omp_get_thread_num();,chunk check expects arr values to identify static distribution by team,"array records thread number instead of team number, breaking the chunking oracle",test_target_teams_dist_schedule_TEAM_NUM_TO_THREAD_NUM.c,,
ASSIGN_ZERO,1,tests/5.0/target_simd/test_target_simd_order_concurrent.c,target_simd,loop_body,c[i] = struct_t.a[i] * b[i];,c[i] = 0;,oracle checks c[i] == struct_t.a[i] * b[i],target simd writes zero instead of product,test_target_simd_order_concurrent_ASSIGN_ZERO.c,,
ATOMIC_MEM_ORDER_ACQ_REL_TO_RELAXED,1,tests/5.0/target_requires/test_target_requires_atomic_default_mem_order_acq_rel.c,target_requires,requires,#pragma omp requires atomic_default_mem_order(acq_rel),#pragma omp requires atomic_default_mem_order(relaxed),oracle checks thread observing y==1 also observes x==10,default atomic memory order is weakened from acq_rel to relaxed,test_target_requires_atomic_default_mem_order_acq_rel_ACQ_REL_TO_RELAXED.c,,
ATOMIC_MEM_ORDER_SEQ_CST_TO_RELAXED,1,tests/5.0/target_requires/test_target_requires_atomic_default_mem_order_seq_cst.c,target_requires,requires,#pragma omp requires atomic_default_mem_order(seq_cst),#pragma omp requires atomic_default_mem_order(relaxed),oracle checks thread observing y==1 also observes x==10,default atomic memory order is weakened from seq_cst to relaxed,test_target_requires_atomic_default_mem_order_seq_cst_SEQ_CST_TO_RELAXED.c,,
A_ADD_TO_SUB,1,tests/5.0/program_control/test_omp_get_device_num.c,program_control,loop_body,a[i] = b[i] + c[i];,a[i] = b[i] - c[i];,oracle checks a[i] == i + 5,target computation subtracts c from b instead of adding,test_omp_get_device_num_A_ADD_TO_SUB.c,,
A_I2_TO_I,1,tests/5.0/target/test_target_map_with_close_modifier.c,target,loop_body,a[i] += i*2;,a[i] += i;,oracle checks a[i] == i*3,array update adds i instead of 2*i,test_target_map_with_close_modifier_A_I2_TO_I.c,,
A_PLUS1_TO_PLUS2,1,tests/5.2/declare_target/test_declare_target_enter.c,declare_target,loop_body,a[i] += 1;,a[i] += 2;,oracle expects a[i] == i+1 after target update and i+2 after host update,update increments a by 2 instead of 1,test_declare_target_enter_A_PLUS1_TO_PLUS2.c,,
B_ADD_TO_SUB,1,tests/4.5/target_update/test_target_update_from.c,target_update,loop_body,b[j] = (a[j] + b[j]);// b = 12,b[j] = (a[j] - b[j]);// b = 12,first oracle checks b[i] == 12 after target update,device computes 8 instead of 12,test_target_update_from_B_ADD_TO_SUB.c,,
B_PLUS2_TO_PLUS1,1,tests/5.2/declare_target/test_declare_target_enter_device_type_any.c,declare_target,loop_body,b[i] += 2;,b[i] += 1;,oracle expects b[i] == i+3 after target update and i+5 after host update,update increments b by 1 instead of 2,test_declare_target_enter_device_type_any_B_PLUS2_TO_PLUS1.c,,
B_PLUS_A_TO_MINUS_A,1,tests/5.0/task/test_task_affinity_device.c,task,loop_body,B[i] += A[i];,B[i] -= A[i];,oracle checks B[i] == i*3,second task subtracts A[i] instead of adding it,test_task_affinity_device_B_PLUS_A_TO_MINUS_A.c,,
COMPUTE_INCREMENT_I_TO_I_PLUS_ONE,1,tests/4.5/target/test_target_map_array_default.c,target,loop_body,compute_array[i] += i;,compute_array[i] += i + 1;,oracle compares sum against result += 10 + i,target adds one extra per element,test_target_map_array_default_COMPUTE_INCREMENT_I_TO_I_PLUS_ONE.c,,
COPY_VALUE_PLUS_ONE,1,tests/4.5/target_data/test_target_data_map_to_from.c,target_data,loop_body,h_array2_h[i] = h_array_h[i];,h_array2_h[i] = h_array_h[i] + 1;,"OMPVV_TEST_AND_SET_VERBOSE(errors, ((N - sum) != 0))",sum becomes 2*N instead of expected N,test_target_data_map_to_from_WRONG_COPY_VALUE.c,,
C_ADD_TO_SUB,1,tests/4.5/task/test_task_target.c,task,loop_body,c[i] = a[i] + b[i];,c[i] = a[i] - b[i];,final oracle checks c[i] == i + 10,final target task subtracts b instead of adding it,test_task_target_C_ADD_TO_SUB.c,,
C_PLUS_B_TO_MINUS_B,1,tests/5.0/target/test_target_task_depend_mutexinoutset.c,target,loop_body,c += b; /* Task T5 */,c -= b; /* Task T5 */,oracle checks d == 6,T5 subtracts b instead of adding it,test_target_task_depend_mutexinoutset_C_PLUS_B_TO_MINUS_B.c,,
DEFAULT_STRUCT_TO_EXPLICIT_TO,1,tests/4.5/target/test_target_map_struct_default.c,target,target_mapping,#pragma omp target,#pragma omp target map(to: single),test_map_struct checks single.a == 1 and single.b[i] == 1 after target,single struct updates are not copied back when explicit to-only mapping replaces default tofrom,test_target_map_struct_default_TARGET_TO_TARGET_MAP_SINGLE_TO.c,,
DEVICE_PLUS10_TO_PLUS11,1,tests/5.0/requires/test_requires_unified_shared_memory_static_is_device_ptr.c,requires,loop_body,aPtr[i] += 10;,aPtr[i] += 11;,oracle checks anArray[i] == i + 20,device-side update adds 11 instead of 10,test_requires_unified_shared_memory_static_is_device_ptr_DEVICE_PLUS10_TO_PLUS11.c,,
DEVICE_PLUS2_TO_PLUS1,1,tests/5.0/target/test_target_in_reduction.c,target,loop_body,*sum += 2;,*sum += 1;,oracle checks device contribution is 2*N and host contribution is N,device contribution is reduced from 2 per iteration to 1,test_target_in_reduction_DEVICE_PLUS2_TO_PLUS1.c,,
DEVICE_TASK1_OR_TO_AND,1,tests/4.5/target_enter_data/test_target_enter_data_depend.c,target_enter_data,loop_body,h_array[i] = DEVICE_TASK1_BIT | in_1[i] | in_2[i];,h_array[i] = DEVICE_TASK1_BIT & in_1[i] & in_2[i];,"OMPVV_TEST_AND_SET(errors, (N * ALL_TASKS_BITS != sum))",bitwise combination loses expected task bits,test_target_enter_data_depend_DEVICE_TASK1_OR_TO_AND.c,,
DEVICE_TASK_OR_TO_AND,1,tests/4.5/target_update/test_target_update_depend.c,target_update,loop_body,h_array[i] = DEVICE_TASK1_BIT | in_1[i] | in_2[i];,h_array[i] = DEVICE_TASK1_BIT & in_1[i] & in_2[i];,final bitmask sum must equal N * ALL_TASKS_BITS,device task loses expected task bits by using bitwise AND instead of OR,test_target_update_depend_DEVICE_OR_TO_AND.c,,
D_70_TO_69,1,tests/5.2/target_enter_data/test_target_enter_data_map.c,target_enter_data,loop_body,D[i] = 70;,D[i] = 69;,oracle checks D[i] == 70 after target exit data,target writes D as 69 instead of 70,test_target_enter_data_map_D_70_TO_69.c,,
ENTER_EXIT_IF_GT_TO_LT,1,tests/4.5/target_enter_exit_data/test_target_enter_exit_data_if.c,target_enter_exit_data,condition,#pragma omp target enter data if(size > SIZE_THRESHOLD) map(to: size) map(to: c[0:size]),#pragma omp target enter data if(size < SIZE_THRESHOLD) map(to: size) map(to: c[0:size]),device case expects c[i] == i+1 and host case expects c[i] == 0,conditional enter-data mapping occurs for wrong size regime,test_target_enter_exit_data_if_ENTER_CONDITION_GT_TO_LT.c,,
FMAX_TO_FMIN,1,tests/5.0/loop/test_loop_reduction_max_device.c,loop,loop_body,"result = fmax(a[x] + b[x], result);","result = fmin(a[x] + b[x], result);",result == host_max,loop reduction update expression uses the wrong operator,test_loop_reduction_max_device_FMAX_TO_FMIN.c,,
FMIN_TO_FMAX,1,tests/5.0/loop/test_loop_reduction_min_device.c,loop,loop_body,"result = fmin(result, a[x] + b[x]);","result = fmax(result, a[x] + b[x]);",result == host_min,loop reduction update expression uses the wrong operator,test_loop_reduction_min_device_FMIN_TO_FMAX.c,,
FOUR_L_TO_THREE_L,1,tests/5.0/target_teams_distribute_parallel_for/test_target_teams_distribute_parallel_for_collapse.c,target_teams_distribute_parallel_for,loop_body,a[i][j][k][l] += i+2*j+3*k+4*l;,a[i][j][k][l] += i+2*j+3*k+3*l;,oracle checks a[i][j][k][l] == 1 + i + 2*j + 3*k + 4*l,loop body uses 3*l instead of 4*l,test_target_teams_distribute_parallel_for_collapse_FOUR_L_TO_THREE_L.c,,
GET_DEVICE_NUM_TO_INITIAL_DEVICE,1,tests/5.0/program_control/test_omp_get_device_num.c,program_control,runtime_api,target_device_num = omp_get_device_num();,target_device_num = omp_get_initial_device();,device-clause loop checks target_device_num == i,runtime query records initial device instead of current target device,test_omp_get_device_num_GET_DEVICE_NUM_TO_INITIAL_DEVICE.c,,
HOST_PLUS10_TO_PLUS9,1,tests/5.0/requires/test_requires_unified_shared_memory_stack_is_device_ptr.c,requires,loop_body,aPtr[i] += 10;,aPtr[i] += 9;,oracle checks anArray[i] == i + 20,one of the shared-memory updates adds 9 instead of 10,test_requires_unified_shared_memory_stack_is_device_ptr_HOST_PLUS10_TO_PLUS9.c,,
I2_TO_I3,1,tests/5.1/target/test_target_memcpy_async_no_obj.c,target,loop_body,mem_dev_cpy[i] = i*2; // initialize data on device,mem_dev_cpy[i] = i*3; // initialize data on device,oracle checks mem[i] == i*2,device kernel writes 3*i instead of 2*i,test_target_memcpy_async_no_obj_I2_TO_I3.c,,
IF0_TO_IF1_FIRST_TASK,1,tests/4.5/task/test_task_if.c,task,condition_semantics,#pragma omp task shared(A) if(0),#pragma omp task shared(A) if(1),A[i] == ((val + inc) * inc) for all i,"first task becomes deferred, breaking intended update order",test_task_if_FIRST_IF0_TO_IF1.c,,
IF_PARALLEL_TO_TARGET,1,tests/4.5/target_teams_distribute_parallel_for/test_target_teams_distribute_parallel_for_if_parallel_modifier.c,target_teams_distribute_parallel_for,condition,#pragma omp target teams distribute parallel for if(parallel: attempt >= ATTEMPT_THRESHOLD)\,#pragma omp target teams distribute parallel for if(target: attempt >= ATTEMPT_THRESHOLD)\,oracle expects target execution to always occur on device while parallelism changes with condition,"if modifier is applied to target instead of parallel, changing host/device behavior",test_target_teams_if_parallel_modifier_PARALLEL_TO_TARGET.c,,
IF_TARGET_TO_PARALLEL,1,tests/4.5/target_teams_distribute_parallel_for/test_target_teams_distribute_parallel_for_if_target_modifier.c,target_teams_distribute_parallel_for,condition,#pragma omp target teams distribute parallel for if(target: attempt >= ATTEMPT_THRESHOLD)\,#pragma omp target teams distribute parallel for if(parallel: attempt >= ATTEMPT_THRESHOLD)\,oracle expects false target-if iterations to execute on host and add 1,"if modifier affects parallel instead of target, changing host/device branch behavior",test_target_teams_if_target_modifier_TARGET_TO_PARALLEL.c,,
INCREMENT_ONE_TO_TWO,1,tests/4.5/target_data/test_target_data_map_tofrom.c,target_data,loop_body,h_array_h[i] += 1;,h_array_h[i] += 2;,"OMPVV_TEST_AND_SET_VERBOSE(errors, (N != sum) || (N != sum2))",heap sum becomes 2*N instead of expected N,test_target_data_map_tofrom_INCREMENT_PLUS_TWO.c,,
INCREMENT_TO_DECREMENT,1,tests/4.5/target_update/test_target_update_devices.c,target_update,loop_body,h_matrix[i]++;,h_matrix[i]--;,oracle checks sum == num_dev * N,device computation decrements each element instead of incrementing it,test_target_update_devices_INCREMENT_TO_DECREMENT.c,,
INCREMENT_TO_PLUS2,1,tests/4.5/taskloop/test_target_taskloop_shared.c,taskloop,loop_body,++s_val;,s_val += 2;,oracle checks s_val == N,each taskloop iteration increments by 2 instead of 1,test_target_taskloop_shared_INCREMENT_TO_PLUS2.c,,
INNER_PLUS1_TO_PLUS2,1,tests/5.0/declare_target/test_declare_target_nested_functions.c,declare_target,loop_body,return 1 + a;,return 2 + a;,oracle checks result == 2 after outer_fn(inner_fn()),inner/outer increment changes returned value,test_declare_target_nested_functions_INNER_PLUS1_TO_PLUS2.c,,
IS_INITIAL_DEVICE_NEGATED,1,tests/5.0/target/test_target_parallel_if_device.c,target,runtime_api,InitDev[0] = omp_is_initial_device();,InitDev[0] = !omp_is_initial_device();,oracle checks InitDev[0] == !Proc,runtime observation of initial-device status is negated,test_target_parallel_if_device_IS_INITIAL_DEVICE_NEGATED.c,,
I_PLUS_ASCLR_TO_I_MINUS_ASCLR,1,tests/4.5/target/test_target_map_scalar_no_map_type_modifier.c,target,loop_body,compute_array[i] = i + asclr;,compute_array[i] = i - asclr;,test_scalar_to expects compute_array[i] == i + asclr,target uses subtraction instead of addition,test_target_map_scalar_no_map_type_modifier_COMPUTE_I_PLUS_ASCLR_TO_I_MINUS_ASCLR.c,,
MULTIPLY_TO_PLUS,1,tests/4.5/target_enter_exit_data/test_target_enter_exit_data_depend.c,target_enter_exit_data,loop_body,h_array[i] = in_1[i]*in_2[i];,h_array[i] = in_1[i]+in_2[i];,errors = 2.0*N != sum,device task computes 3 instead of expected 2 for each element,test_target_enter_exit_data_depend_WRONG_MULTIPLY_TO_PLUS.c,,
NEQ_TO_LT_N_MINUS_1,1,tests/5.0/target/test_target_parallel_for_notequals.c,target,loop_bounds,for (int i = 0; i != N; i++) {,for (int i = 0; i < N - 1; i++) {,oracle checks all x[i] values are updated,last iteration is skipped,test_target_parallel_for_notequals_NEQ_TO_LT_N_MINUS_1.c,,
OMP_ALL_MEMORY_TO_X,1,tests/5.1/depend/test_depend_inout_omp_all_memory.c,depend,task_dependency,#pragma omp task depend(inout: omp_all_memory),#pragma omp task depend(inout: x),x[i] == i+1 and y == 10 at intermediate check; x[i] == i+2 and y == 15 at final check,"dependency no longer waits for all memory effects, so y can be stale",test_depend_inout_all_memory_TO_X_ONLY.c,,
PARALLEL_MASTER_TASKLOOP_TO_PARALLEL_TASKLOOP,1,tests/5.0/parallel_master_taskloop/test_parallel_master_taskloop_device.c,parallel_master_taskloop,taskloop,"#pragma omp parallel master taskloop num_threads(OMPVV_NUM_THREADS_DEVICE) shared(x, y, z, num_threads)","#pragma omp parallel taskloop num_threads(OMPVV_NUM_THREADS_DEVICE) shared(x, y, z, num_threads)",oracle checks x[i] == 1 + y[i]*z[i] and valid num_threads,master component is removed from parallel master taskloop construct,test_parallel_master_taskloop_device_PARALLEL_MASTER_TASKLOOP_TO_PARALLEL_TASKLOOP.c,,
PARALLEL_VARIANT_MATCH_TO_TARGET,1,tests/5.0/declare_variant/test_declare_variant.c,declare_variant,variant_selection,#pragma omp declare variant(p_fn) match(construct = {parallel}),#pragma omp declare variant(p_fn) match(construct = {target}),b[i] == i+1 in parallel region while a[i] == i and c[i] == i+2,"parallel region no longer selects p_fn, so b is populated by wrong variant",test_declare_variant_parallel_match_to_target.c,,
PLUS1_TO_MINUS1,1,tests/5.0/teams_loop/test_target_teams_loop_firstprivate.c,teams_loop,loop_body,b[i] = a[i] + 1;,b[i] = a[i] - 1;,oracle checks b[i] == 2*i + 1,target teams loop subtracts 1 instead of adding 1,test_target_teams_loop_firstprivate_PLUS1_TO_MINUS1.c,,
PLUS_Y_TO_MINUS_Y,1,tests/5.1/depend/test_target_depend_out_omp_all_memory.c,depend,loop_body,x[i] += y;,x[i] -= y;,oracle checks x[i] == i+y,producer task subtracts y instead of adding it,test_target_depend_out_omp_all_memory_PLUS_Y_TO_MINUS_Y.c,,
PTR_HEAP_INCREMENT_TO_ASSIGN,1,tests/4.5/target_enter_exit_data/test_target_enter_exit_data_map_pointer_translation.c,target_enter_exit_data,loop_body,ptr_h_array_h[i] += 1;,ptr_h_array_h[i] = 1;,"OMPVV_TEST_AND_SET_VERBOSE(errors, (3*N != sum) || (6*N != sum2))",heap pointer total becomes too small because increments are overwritten,test_target_enter_exit_data_pointer_translation_PTR_HEAP_INCREMENT_TO_ASSIGN.c,,
PTR_STACK_INCREMENT_TO_ASSIGN,1,tests/4.5/target_enter_exit_data/test_target_enter_exit_data_map_pointer_translation.c,target_enter_exit_data,loop_body,ptr_h_array_s[i] += 2;,ptr_h_array_s[i] = 2;,"OMPVV_TEST_AND_SET_VERBOSE(errors, (3*N != sum) || (6*N != sum2))",stack pointer total becomes too small because increments are overwritten,test_target_enter_exit_data_pointer_translation_PTR_STACK_INCREMENT_TO_ASSIGN.c,,
REPLACE_EXPLICIT_TASK_QUERY_WITH_ZERO,1,tests/5.2/runtime_calls/test_omp_in_explicit_task.c,runtime_calls,runtime_query,A[i] = omp_in_explicit_task();,A[i] = 0;,A[i] != 0 after explicit task section,explicit-task section records zero instead of omp_in_explicit_task result,test_omp_in_explicit_task_FORCE_ZERO.c,,
REPLACE_IMPLICIT_TASK_QUERY_WITH_ONE,1,tests/5.2/runtime_calls/test_omp_in_explicit_task.c,runtime_calls,runtime_query,A[i] = omp_in_explicit_task();,A[i] = 1;,A[i] == 0 after implicit parallel-for section,implicit-task section records one instead of zero,test_omp_in_explicit_task_FORCE_ONE_IN_IMPLICIT.c,,
REPLACE_OMP_IS_INITIAL_DEVICE_WITH_ONE,1,tests/4.5/offloading_success.c,offloading_success.c,runtime_query,{ isHost = omp_is_initial_device(); },{ isHost = 1; },return isHost; expected 0 when target region executes on device,target region reports host execution even when offloading succeeds,offloading_success_FORCE_HOST_VALUE.c,,
SCALAR_ENUM_VAL4_TO_VAL3,1,tests/4.5/target/test_target_defaultmap.c,target,loop_body,scalar_enum = VAL4;,scalar_enum = VAL3;,"OMPVV_TEST_AND_SET_VERBOSE(errors, scalar_enum != VAL4)",scalar enum receives VAL3 instead of VAL4,test_target_defaultmap_SCALAR_ENUM_VAL4_TO_VAL3.c,,
SCALAR_PLUS25_TO_PLUS24,1,tests/5.0/target/test_target_map_with_close_modifier.c,target,loop_body,scalar += 25;,scalar += 24;,oracle checks scalar == 44,scalar update produces 43 instead of 44,test_target_map_with_close_modifier_SCALAR_PLUS25_TO_PLUS24.c,,
SCALAR_PLUS53_TO_PLUS52,1,tests/5.0/program_control/test_omp_target_offload_env_DEFAULT.c,program_control,loop_body,scalar = scalar + 53;,scalar = scalar + 52;,oracle checks scalar == 70 after target region,target scalar update produces 69 instead of 70,test_omp_target_offload_env_DEFAULT_SCALAR_PLUS53_TO_PLUS52.c,,
SCHEDULE_STATIC8_TO_STATIC4,1,tests/4.5/target_teams_distribute_parallel_for/test_target_teams_distribute_parallel_for_schedule_private.c,target_teams_distribute_parallel_for,schedule,"schedule(static,8)","schedule(static,4)",checks each block of 8 has values 1..8,"static chunk size changes, breaking expected per-chunk progression",test_target_teams_distribute_parallel_for_schedule_private_SCHEDULE_8_TO_4.c,,
SHARE_INIT_5_TO_6,1,tests/4.5/target_teams_distribute/test_target_teams_distribute_default_shared.c,target_teams_distribute,loop_body,share = 5;,share = 6;,checks a[x] - 5 == x,shared offset becomes 6 instead of 5,test_target_teams_distribute_default_shared_SHARE_INIT_5_TO_6.c,,
SQUARE_TO_DOUBLE,1,tests/5.0/target/test_target_parallel_is_dev_ptr.c,target,loop_body,Dev_B[i] = Hst_A[i] * Hst_A[i];,Dev_B[i] = Hst_A[i] + Hst_A[i];,oracle checks Hst_A[i] == i*i,target computation doubles instead of squares,test_target_parallel_is_dev_ptr_SQUARE_TO_DOUBLE.c,,
STRUCT_COPY_B_PLUS_ONE,1,tests/4.5/target_enter_data/test_target_enter_data_struct.c,target_enter_data,loop_body,singleCopy.b[i] = single.b[i];,singleCopy.b[i] = single.b[i] + 1;,test_struct checks singleCopy.b[i] == single.b[i],copied struct array field is offset by one,test_target_enter_data_struct_COPY_B_PLUS_ONE.c,,
STRUCT_S_10_TO_9,1,tests/5.0/target/test_target_defaultmap_default.c,target,loop_body,new_struct.s = 10; new_struct.S[0] = 10; new_struct.S[1] = 10;,new_struct.s = 9; new_struct.S[0] = 10; new_struct.S[1] = 10;,oracle checks new_struct.s == 10,target writes struct scalar field as 9 instead of 10,test_target_defaultmap_default_STRUCT_S_10_TO_9.c,,
STRUCT_S_7_TO_8,1,tests/5.1/target/test_target_defaultmap_present_aggregate.c,target,loop_body,new_struct.s = 7; new_struct.S[0] = 70; new_struct.S[1] = 700;,new_struct.s = 8; new_struct.S[0] = 70; new_struct.S[1] = 700;,oracle checks new_struct.s == 7,target writes struct field s as 8 instead of 7,test_target_defaultmap_present_aggregate_STRUCT_S_7_TO_8.c,,
SUM_INC_TO_DEC,1,tests/4.5/task/test_target_and_task_nowait.c,task,loop_body,sum++;,sum--;,oracle checks sum == N after target region,target decrements sum instead of incrementing it,test_target_and_task_nowait_SUM_INC_TO_DEC.c,,
TARGET_DATA_IF_GT_TO_LT,1,tests/4.5/target_data/test_target_data_if.c,target_data,condition,#pragma omp target data if(map_size > SIZE_THRESHOLD) map(to: map_size)  \,#pragma omp target data if(map_size < SIZE_THRESHOLD) map(to: map_size)  \,nested test expects device result c[i] == i+1 when map_size > SIZE_THRESHOLD,"target data region executes under the wrong size condition, changing host/device behavior",test_target_data_if_NESTED_IF_GT_TO_LT.c,,
TARGET_DATA_IF_PROC_TO_NOTPROC,1,tests/5.0/target/test_target_parallel_if_device.c,target,condition,"#pragma omp target data map(tofrom: A[0:N], InitDev[0:1]) if(Proc) device(gpu)","#pragma omp target data map(tofrom: A[0:N], InitDev[0:1]) if(!Proc) device(gpu)",oracle checks InitDev[0] matches intended processor selection,target data if-condition is inverted,test_target_parallel_if_device_TARGET_DATA_IF_PROC_TO_NOTPROC.c,,
TARGET_FUNCTION_PLUS1_TO_PLUS2,1,tests/5.0/declare_target/test_declare_target_device_type_nohost.c,declare_target,loop_body,a[i] += 1;,a[i] += 2;,device-path oracle expects a[i] == 6 after host update()+device target_function(),target_function increments a by 2 instead of 1,test_declare_target_device_type_nohost_TARGET_FUNCTION_PLUS1_TO_PLUS2.c,,
TARGET_IF_GT_TO_GE,1,tests/4.5/target/test_target_if.c,target,condition,#pragma omp target if(size > SIZE_THRESHOLD) map(to: size)  \,#pragma omp target if(size >= SIZE_THRESHOLD) map(to: size)  \,for size <= threshold host branch should yield c[i]==0; for size > threshold device branch should yield c[i]==i+1,size equal to threshold follows the wrong execution path,test_target_if_IF_GT_TO_GE.c,,
TARGET_MEMCPY_WRONG_DIRECTION,1,tests/4.5/target_data/test_target_data_map_alloc.c,target_data,runtime_api,"omp_get_initial_device(),
                                  omp_get_default_device());","omp_get_default_device(),
                                  omp_get_initial_device());","OMPVV_TEST_AND_SET_VERBOSE(errors, (N - sum) != 0)","omp_target_memcpy copies in the wrong device direction, so host sum is not updated from d_sum",test_target_data_map_alloc_MEMCPY_WRONG_DIRECTION.c,,
TARGET_VARIANT_MATCH_TO_PARALLEL,1,tests/5.0/declare_variant/test_declare_variant.c,declare_variant,variant_selection,#pragma omp declare variant(t_fn) match(construct = {target}),#pragma omp declare variant(t_fn) match(construct = {parallel}),c[i] == i+2 in target region,"target region no longer selects t_fn, so c is populated by wrong variant",test_declare_variant_target_match_to_parallel.c,,
TARGET_WRITE_100_TO_99,1,tests/4.5/target/test_target_firstprivate.c,target,loop_body,compute_array[p_val][i] = 100;,compute_array[p_val][i] = 99;,oracle checks compute_array[i][j] == 101 after host-side increment,"target initializes row to 99, so final value becomes 100",test_target_firstprivate_TARGET_WRITE_100_TO_99.c,,
THREAD_NUM_PLUS_ONE,1,tests/5.1/metadirective/test_metadirective_device.c,metadirective,loop_body,A[i] = omp_get_thread_num();,A[i] = omp_get_thread_num() + 1;,oracle checks A[i] == 0,loop writes thread id plus one,test_metadirective_device_THREAD_NUM_PLUS_ONE.c,,
TICKET_INCREMENT_TO_NOOP,1,tests/4.5/target_teams_distribute/test_target_teams_distribute_nowait.c,target_teams_distribute,loop_body,my_ticket = ticket[0]++;,my_ticket = ticket[0];,checks ticket[0] == N_TASKS*N,ticket counter is never incremented,test_target_teams_distribute_nowait_TICKET_INCREMENT_TO_NOOP.c,,
UPDATE_B_X2_TO_X3,1,tests/4.5/target_update/test_target_update_to.c,target_update,loop_body,b[i] = b[i] * 2;,b[i] = b[i] * 3;,oracle checks c[i] == 16,host b becomes 6 instead of 4 before update-to,test_target_update_to_UPDATE_B_X2_TO_X3.c,,
VAL_PLUS2_TO_PLUS1,1,tests/5.0/target/test_target_parallel_linear.c,target,loop_body,val += 2;,val += 1;,oracle checks A[i] == (i+1)*2,loop increments linear variable by 1 instead of 2,test_target_parallel_linear_VAL_PLUS2_TO_PLUS1.c,,
WRONG_HOST_ACCUMULATION,1,tests/4.5/target_data/test_target_data_use_device_ptr.c,target_data,loop_body,array_host[i] += array_device[i];,array_host[i] += 1;,"OMPVV_TEST_AND_SET(errors, array_host[i] != 2*i)",array_host becomes i+1 instead of 2*i,test_target_data_use_device_ptr_WRONG_HOST_ACCUMULATION.c,,
WRONG_PREFIX_INDEX,1,tests/5.0/loop/test_loop_collapse_device.c,loop,loop_body,b[x][y][z + 1] = b[x][y][z] + a[x][y][z];,b[x][y][z] = b[x][y][z] + a[x][y][z];,oracle compares b prefix sums against sequential temp_total,prefix result is written to current index instead of next index,test_loop_collapse_device_WRONG_PREFIX_INDEX.c,,
WRONG_PRODUCT_OPERATOR,1,tests/4.5/application_kernels/mmm_target.c,application_kernels,loop_body,c[i*rowA+j] = a[i*rowA+j] * b[k*colA+j];,c[i*rowA+j] = a[i*rowA+j] + b[k*colA+j];,"OMPVV_TEST_AND_SET(error, 500 != c[i*rowA+j])",computed matrix value becomes 60 instead of expected 500,mmm_target_WRONG_PRODUCT_PLUS.c,,
X_INC_TO_PLUS2,1,tests/5.0/atomic/test_atomic_num_hint_device.c,atomic,loop_body,x++;,x += 2;,oracle checks x == num_threads,each thread increments x by 2 instead of 1,test_atomic_num_hint_device_X_INC_TO_PLUS2.c,,
X_PLUS1_TO_PLUS2,1,tests/5.0/target_teams_distribute_parallel_for_simd/test_target_teams_distribute_parallel_for_simd_atomic.c,target_teams_distribute_parallel_for_simd,loop_body,x += 1;,x += 2;,oracle checks x == N,each iteration increments by 2 instead of 1,test_target_teams_distribute_parallel_for_simd_atomic_X_PLUS1_TO_PLUS2.c,,
ZERO_LENGTH_POINTER_TO_FULL_MAP,1,tests/4.5/target/test_target_map_zero_length_pointer.c,target,target_mapping,#pragma omp target,#pragma omp target map(p[0:N]),test specifically checks implicit zero-length pointer mapping rule,pointer is explicitly mapped as full section instead of relying on implicit zero-length mapping,test_target_map_zero_length_pointer_TARGET_TO_TARGET_MAP_POINTER_FULL.c,,
