dataset_token,source_dataset,mcq_questions,model_id,fewshot_k,layers,strength,seed,baseline_accuracy,baseline_invalid_rate,baseline_correct,baseline_invalid,baseline_total,baseline_cache_path,steered_accuracy,steered_invalid_rate,steered_correct,steered_invalid,steered_total,steered_cache_path,steered_vector_path,delta_accuracy,delta_invalid_rate
tssb_mcq_k0_seed42,,mcq_cache/tssb_mcq_k0_seed42.json,meta-llama/CodeLlama-7b-Instruct-hf,0,"27,28,29,30,31",2.0,42,0.5044216976533668,0.0013230276443144627,7244,19,14361,mcq_cache/baseline_tssb_codellama-7b-instruct-hf_k0_seed42.json,,,,,,,,,
tssb_mcq_k0_seed42,,mcq_cache/tssb_mcq_k0_seed42.json,Qwen/Qwen2.5-7B-Instruct,0,"27,28,29,30,31",2.0,42,0.5802520715827588,0.0,8333,0,14361,mcq_cache/baseline_tssb_qwen2-5-7b-instruct_k0_seed42.json,,,,,,,,,
tssb_mcq_k0_seed42,,mcq_cache/tssb_mcq_k0_seed42.json,Qwen/Qwen2.5-Coder-7B-Instruct,0,"27,28,29,30,31",2.0,42,0.5989137246709839,0.0,8601,0,14361,mcq_cache/baseline_tssb_qwen2-5-coder-7b-instruct_k0_seed42.json,,,,,,,,,
tssb_mcq_k0_seed42,,mcq_cache/tssb_mcq_k0_seed42.json,Qwen/Qwen2.5-Coder-14B-Instruct,0,"27,28,29,30,31",2.0,42,0.6368637281526356,0.0,9146,0,14361,mcq_cache/baseline_tssb_qwen2-5-coder-14b-instruct_k0_seed42.json,,,,,,,,,
tssb_mcq_k1_seed42,,mcq_cache/tssb_mcq_k1_seed42.json,meta-llama/CodeLlama-7b-Instruct-hf,1,"27,28,29,30,31",2.0,42,0.5032033426183844,0.013231197771587743,7226,190,14360,mcq_cache/baseline_tssb_codellama-7b-instruct-hf_k1_seed42.json,,,,,,,,,
tssb_mcq_k1_seed42,,mcq_cache/tssb_mcq_k1_seed42.json,Qwen/Qwen2.5-7B-Instruct,1,"27,28,29,30,31",2.0,42,0.5822423398328691,0.0,8361,0,14360,mcq_cache/baseline_tssb_qwen2-5-7b-instruct_k1_seed42.json,,,,,,,,,
tssb_mcq_k1_seed42,,mcq_cache/tssb_mcq_k1_seed42.json,Qwen/Qwen2.5-Coder-7B-Instruct,1,"27,28,29,30,31",2.0,42,0.6542479108635098,6.963788300835655e-05,9395,1,14360,mcq_cache/baseline_tssb_qwen2-5-coder-7b-instruct_k1_seed42.json,,,,,,,,,
tssb_mcq_k1_seed42,,mcq_cache/tssb_mcq_k1_seed42.json,Qwen/Qwen2.5-Coder-14B-Instruct,1,"27,28,29,30,31",2.0,42,0.6715181058495822,0.0,9643,0,14360,mcq_cache/baseline_tssb_qwen2-5-coder-14b-instruct_k1_seed42.json,,,,,,,,,
tssb_mcq_k3_seed42,,mcq_cache/tssb_mcq_k3_seed42.json,meta-llama/CodeLlama-7b-Instruct-hf,3,"27,28,29,30,31",2.0,42,0.39991642290012536,0.24502019779913636,5742,3518,14358,mcq_cache/baseline_tssb_codellama-7b-instruct-hf_k3_seed42.json,,,,,,,,,
tssb_mcq_k3_seed42,,mcq_cache/tssb_mcq_k3_seed42.json,Qwen/Qwen2.5-7B-Instruct,3,"27,28,29,30,31",2.0,42,0.6257138877280959,0.0,8984,0,14358,mcq_cache/baseline_tssb_qwen2-5-7b-instruct_k3_seed42.json,,,,,,,,,
tssb_mcq_k3_seed42,,mcq_cache/tssb_mcq_k3_seed42.json,Qwen/Qwen2.5-Coder-7B-Instruct,3,"27,28,29,30,31",2.0,42,0.6688953893299903,6.964758322886195e-05,9604,1,14358,mcq_cache/baseline_tssb_qwen2-5-coder-7b-instruct_k3_seed42.json,,,,,,,,,
tssb_mcq_k3_seed42,,mcq_cache/tssb_mcq_k3_seed42.json,Qwen/Qwen2.5-Coder-14B-Instruct,3,"27,28,29,30,31",2.0,42,0.673074244323722,0.0,9664,0,14358,mcq_cache/baseline_tssb_qwen2-5-coder-14b-instruct_k3_seed42.json,,,,,,,,,
tssb_mcq_k5_seed42,,mcq_cache/tssb_mcq_k5_seed42.json,meta-llama/CodeLlama-7b-Instruct-hf,5,"27,28,29,30,31",2.0,42,0.27702702702702703,0.4694901086653664,3977,6740,14356,mcq_cache/baseline_tssb_codellama-7b-instruct-hf_k5_seed42.json,,,,,,,,,
tssb_mcq_k5_seed42,,mcq_cache/tssb_mcq_k5_seed42.json,Qwen/Qwen2.5-7B-Instruct,5,"27,28,29,30,31",2.0,42,0.633950961270549,0.0,9101,0,14356,mcq_cache/baseline_tssb_qwen2-5-7b-instruct_k5_seed42.json,,,,,,,,,
tssb_mcq_k5_seed42,,mcq_cache/tssb_mcq_k5_seed42.json,Qwen/Qwen2.5-Coder-7B-Instruct,5,"27,28,29,30,31",2.0,42,0.6480913903594316,0.00013931457230426304,9304,2,14356,mcq_cache/baseline_tssb_qwen2-5-coder-7b-instruct_k5_seed42.json,,,,,,,,,
tssb_mcq_k5_seed42,,mcq_cache/tssb_mcq_k5_seed42.json,Qwen/Qwen2.5-Coder-14B-Instruct,5,"27,28,29,30,31",2.0,42,0.6771384786848704,0.0,9721,0,14356,mcq_cache/baseline_tssb_qwen2-5-coder-14b-instruct_k5_seed42.json,,,,,,,,,
manysstubs_mcq_k3_seed42,,mcq_cache/manysstubs_mcq_k3_seed42.json,Qwen/Qwen2.5-7B-Instruct,3,"27,28,29,30,31",2.0,42,0.544500141870803,0.0,23028,0,42292,mcq_cache/baseline_manysstubs_qwen2-5-7b-instruct_k3_seed42.json,,,,,,,,,
manysstubs_mcq_k3_seed42,,mcq_cache/manysstubs_mcq_k3_seed42.json,Qwen/Qwen2.5-Coder-7B-Instruct,3,"27,28,29,30,31",2.0,42,0.5678142438286201,0.0006857088811122671,24014,29,42292,mcq_cache/baseline_manysstubs_qwen2-5-coder-7b-instruct_k3_seed42.json,,,,,,,,,
manysstubs_mcq_k0_seed42,,mcq_cache/manysstubs_mcq_k0_seed42.json,Qwen/Qwen2.5-Coder-7B-Instruct,0,last:4,2.0,42,0.65,0.0,65,0,100,mcq_cache/baseline_manysstubs_qwen2-5-coder-7b-instruct_k0_seed42_es0_el100.json,0.7,0.0,70,0,100,mcq_cache/steered_manysstubs_mcq_k0_seed42_Qwen-Qwen2.5-Coder-7B-Instruct_k0_Llast-4_a2p0_seed42_es0_el100.json,vectors/java/behavior_manysstubs_apr_manysstubs_pairs_3k_qwen2-5-coder-7b-instruct_pca_center_suffix.svec,0.04999999999999993,0.0
tssb_mcq_k0_seed42,,mcq_cache/tssb_mcq_k0_seed42.json,meta-llama/CodeLlama-7b-Instruct-hf,0,band:0.15:6,1.0,42,,,,,,,0.4938,0.0,2469,0,5000,mcq_cache/steered_tssb_mcq_k0_seed42_meta-llama-CodeLlama-7b-Instruct-hf_k0_Lband-0.15-6_a1p0_seed42_es0_el5000.json,vectors/python/behavior_tssb_correctness_behavior_apr_codellama-7b-instruct-hf_pca_center_suffix.svec,,
manysstubs_mcq_k0_seed42,,mcq_cache/manysstubs_mcq_k0_seed42.json,meta-llama/CodeLlama-7b-Instruct-hf,0,band:0.15:6,1.0,42,,,,,,,0.4944,0.0,2472,0,5000,mcq_cache/steered_manysstubs_mcq_k0_seed42_meta-llama-CodeLlama-7b-Instruct-hf_k0_Lband-0.15-6_a1p0_seed42_es0_el5000.json,vectors/java/behavior_manysstubs_apr_manysstubs_pairs_3k_codellama-7b-instruct-hf_pca_center_suffix.svec,,
manysstubs_mcq_k0_seed42,,mcq_cache/manysstubs_mcq_k0_seed42.json,meta-llama/CodeLlama-7b-Instruct-hf,0,band:0.15:6,1.5,42,,,,,,,0.4854,0.0,2427,0,5000,mcq_cache/steered_manysstubs_mcq_k0_seed42_meta-llama-CodeLlama-7b-Instruct-hf_k0_Lband-0.15-6_a1p5_seed42_es0_el5000.json,vectors/java/behavior_manysstubs_apr_manysstubs_pairs_3k_codellama-7b-instruct-hf_pca_center_suffix.svec,,
tssb_mcq_k0_seed42,,mcq_cache/tssb_mcq_k0_seed42.json,meta-llama/CodeLlama-7b-Instruct-hf,0,band:0.15:6,1.5,42,,,,,,,0.4822,0.0,2411,0,5000,mcq_cache/steered_tssb_mcq_k0_seed42_meta-llama-CodeLlama-7b-Instruct-hf_k0_Lband-0.15-6_a1p5_seed42_es0_el5000.json,vectors/python/behavior_tssb_correctness_behavior_apr_codellama-7b-instruct-hf_pca_center_suffix.svec,,
manysstubs_mcq_k5_seed42,,mcq_cache/manysstubs_mcq_k5_seed42.json,Qwen/Qwen2.5-Coder-7B-Instruct,5,"27,28,29,30,31",2.0,42,0.562851737999527,0.0008039725703475999,23803,34,42290,mcq_cache/baseline_manysstubs_qwen2-5-coder-7b-instruct_k5_seed42.json,,,,,,,,,
manysstubs_mcq_k0_seed42,,mcq_cache/manysstubs_mcq_k0_seed42.json,meta-llama/CodeLlama-7b-Instruct-hf,0,band:0.15:6,2.0,42,,,,,,,0.476,0.0008,2380,4,5000,mcq_cache/steered_manysstubs_mcq_k0_seed42_meta-llama-CodeLlama-7b-Instruct-hf_k0_Lband-0.15-6_a2p0_seed42_es0_el5000.json,vectors/java/behavior_manysstubs_apr_manysstubs_pairs_3k_codellama-7b-instruct-hf_pca_center_suffix.svec,,
tssb_mcq_k0_seed42,,mcq_cache/tssb_mcq_k0_seed42.json,meta-llama/CodeLlama-7b-Instruct-hf,0,band:0.15:6,2.0,42,,,,,,,0.487,0.0002,2435,1,5000,mcq_cache/steered_tssb_mcq_k0_seed42_meta-llama-CodeLlama-7b-Instruct-hf_k0_Lband-0.15-6_a2p0_seed42_es0_el5000.json,vectors/python/behavior_tssb_correctness_behavior_apr_codellama-7b-instruct-hf_pca_center_suffix.svec,,
manysstubs_mcq_k0_seed42,,mcq_cache/manysstubs_mcq_k0_seed42.json,meta-llama/CodeLlama-7b-Instruct-hf,0,band:0.15:6,2.5,42,,,,,,,0.2728,0.4156,1364,2078,5000,mcq_cache/steered_manysstubs_mcq_k0_seed42_meta-llama-CodeLlama-7b-Instruct-hf_k0_Lband-0.15-6_a2p5_seed42_es0_el5000.json,vectors/java/behavior_manysstubs_apr_manysstubs_pairs_3k_codellama-7b-instruct-hf_pca_center_suffix.svec,,
tssb_mcq_k0_seed42,,mcq_cache/tssb_mcq_k0_seed42.json,meta-llama/CodeLlama-7b-Instruct-hf,0,band:0.15:6,2.5,42,,,,,,,0.3934,0.2168,1967,1084,5000,mcq_cache/steered_tssb_mcq_k0_seed42_meta-llama-CodeLlama-7b-Instruct-hf_k0_Lband-0.15-6_a2p5_seed42_es0_el5000.json,vectors/python/behavior_tssb_correctness_behavior_apr_codellama-7b-instruct-hf_pca_center_suffix.svec,,
manysstubs_mcq_k0_seed42,,mcq_cache/manysstubs_mcq_k0_seed42.json,meta-llama/CodeLlama-7b-Instruct-hf,0,band:0.15:6,3.0,42,,,,,,,0.3984,0.2192,1992,1096,5000,mcq_cache/steered_manysstubs_mcq_k0_seed42_meta-llama-CodeLlama-7b-Instruct-hf_k0_Lband-0.15-6_a3p0_seed42_es0_el5000.json,vectors/java/behavior_manysstubs_apr_manysstubs_pairs_3k_codellama-7b-instruct-hf_pca_center_suffix.svec,,
manysstubs_mcq_k0_seed42,,mcq_cache/manysstubs_mcq_k0_seed42.json,meta-llama/CodeLlama-7b-Instruct-hf,0,band:0.35:6,1.0,42,,,,,,,0.4944,0.0,2472,0,5000,mcq_cache/steered_manysstubs_mcq_k0_seed42_meta-llama-CodeLlama-7b-Instruct-hf_k0_Lband-0.35-6_a1p0_seed42_es0_el5000.json,vectors/java/behavior_manysstubs_apr_manysstubs_pairs_3k_codellama-7b-instruct-hf_pca_center_suffix.svec,,
manysstubs_mcq_k0_seed42,,mcq_cache/manysstubs_mcq_k0_seed42.json,meta-llama/CodeLlama-7b-Instruct-hf,0,band:0.35:6,1.5,42,,,,,,,0.4944,0.0,2472,0,5000,mcq_cache/steered_manysstubs_mcq_k0_seed42_meta-llama-CodeLlama-7b-Instruct-hf_k0_Lband-0.35-6_a1p5_seed42_es0_el5000.json,vectors/java/behavior_manysstubs_apr_manysstubs_pairs_3k_codellama-7b-instruct-hf_pca_center_suffix.svec,,
manysstubs_mcq_k0_seed42,,mcq_cache/manysstubs_mcq_k0_seed42.json,meta-llama/CodeLlama-7b-Instruct-hf,0,band:0.35:6,2.0,42,,,,,,,0.4944,0.0,2472,0,5000,mcq_cache/steered_manysstubs_mcq_k0_seed42_meta-llama-CodeLlama-7b-Instruct-hf_k0_Lband-0.35-6_a2p0_seed42_es0_el5000.json,vectors/java/behavior_manysstubs_apr_manysstubs_pairs_3k_codellama-7b-instruct-hf_pca_center_suffix.svec,,
manysstubs_mcq_k0_seed42,,mcq_cache/manysstubs_mcq_k0_seed42.json,meta-llama/CodeLlama-7b-Instruct-hf,0,band:0.35:6,2.5,42,,,,,,,0.4944,0.0,2472,0,5000,mcq_cache/steered_manysstubs_mcq_k0_seed42_meta-llama-CodeLlama-7b-Instruct-hf_k0_Lband-0.35-6_a2p5_seed42_es0_el5000.json,vectors/java/behavior_manysstubs_apr_manysstubs_pairs_3k_codellama-7b-instruct-hf_pca_center_suffix.svec,,
manysstubs_mcq_k0_seed42,,mcq_cache/manysstubs_mcq_k0_seed42.json,meta-llama/CodeLlama-7b-Instruct-hf,0,band:0.35:6,3.0,42,,,,,,,0.4944,0.0,2472,0,5000,mcq_cache/steered_manysstubs_mcq_k0_seed42_meta-llama-CodeLlama-7b-Instruct-hf_k0_Lband-0.35-6_a3p0_seed42_es0_el5000.json,vectors/java/behavior_manysstubs_apr_manysstubs_pairs_3k_codellama-7b-instruct-hf_pca_center_suffix.svec,,
manysstubs_mcq_k0_seed42,,mcq_cache/manysstubs_mcq_k0_seed42.json,meta-llama/CodeLlama-7b-Instruct-hf,0,band:0.55:6,1.0,42,,,,,,,0.4944,0.0,2472,0,5000,mcq_cache/steered_manysstubs_mcq_k0_seed42_meta-llama-CodeLlama-7b-Instruct-hf_k0_Lband-0.55-6_a1p0_seed42_es0_el5000.json,vectors/java/behavior_manysstubs_apr_manysstubs_pairs_3k_codellama-7b-instruct-hf_pca_center_suffix.svec,,
tssb_mcq_k0_seed42,,mcq_cache/tssb_mcq_k0_seed42.json,meta-llama/CodeLlama-7b-Instruct-hf,0,band:0.15:6,3.0,42,,,,,,,0.4556,0.0988,2278,494,5000,mcq_cache/steered_tssb_mcq_k0_seed42_meta-llama-CodeLlama-7b-Instruct-hf_k0_Lband-0.15-6_a3p0_seed42_es0_el5000.json,vectors/python/behavior_tssb_correctness_behavior_apr_codellama-7b-instruct-hf_pca_center_suffix.svec,,
manysstubs_mcq_k0_seed42,,mcq_cache/manysstubs_mcq_k0_seed42.json,meta-llama/CodeLlama-7b-Instruct-hf,0,band:0.55:6,1.5,42,,,,,,,0.4944,0.0,2472,0,5000,mcq_cache/steered_manysstubs_mcq_k0_seed42_meta-llama-CodeLlama-7b-Instruct-hf_k0_Lband-0.55-6_a1p5_seed42_es0_el5000.json,vectors/java/behavior_manysstubs_apr_manysstubs_pairs_3k_codellama-7b-instruct-hf_pca_center_suffix.svec,,
tssb_mcq_k0_seed42,,mcq_cache/tssb_mcq_k0_seed42.json,meta-llama/CodeLlama-7b-Instruct-hf,0,band:0.35:6,1.0,42,,,,,,,0.4938,0.0,2469,0,5000,mcq_cache/steered_tssb_mcq_k0_seed42_meta-llama-CodeLlama-7b-Instruct-hf_k0_Lband-0.35-6_a1p0_seed42_es0_el5000.json,vectors/python/behavior_tssb_correctness_behavior_apr_codellama-7b-instruct-hf_pca_center_suffix.svec,,
manysstubs_mcq_k0_seed42,,mcq_cache/manysstubs_mcq_k0_seed42.json,meta-llama/CodeLlama-7b-Instruct-hf,0,band:0.55:6,2.0,42,,,,,,,0.4942,0.0,2471,0,5000,mcq_cache/steered_manysstubs_mcq_k0_seed42_meta-llama-CodeLlama-7b-Instruct-hf_k0_Lband-0.55-6_a2p0_seed42_es0_el5000.json,vectors/java/behavior_manysstubs_apr_manysstubs_pairs_3k_codellama-7b-instruct-hf_pca_center_suffix.svec,,
tssb_mcq_k0_seed42,,mcq_cache/tssb_mcq_k0_seed42.json,meta-llama/CodeLlama-7b-Instruct-hf,0,band:0.35:6,1.5,42,,,,,,,0.4944,0.0,2472,0,5000,mcq_cache/steered_tssb_mcq_k0_seed42_meta-llama-CodeLlama-7b-Instruct-hf_k0_Lband-0.35-6_a1p5_seed42_es0_el5000.json,vectors/python/behavior_tssb_correctness_behavior_apr_codellama-7b-instruct-hf_pca_center_suffix.svec,,
manysstubs_mcq_k0_seed42,,mcq_cache/manysstubs_mcq_k0_seed42.json,meta-llama/CodeLlama-7b-Instruct-hf,0,band:0.55:6,2.5,42,,,,,,,0.4944,0.0,2472,0,5000,mcq_cache/steered_manysstubs_mcq_k0_seed42_meta-llama-CodeLlama-7b-Instruct-hf_k0_Lband-0.55-6_a2p5_seed42_es0_el5000.json,vectors/java/behavior_manysstubs_apr_manysstubs_pairs_3k_codellama-7b-instruct-hf_pca_center_suffix.svec,,
tssb_mcq_k0_seed42,,mcq_cache/tssb_mcq_k0_seed42.json,meta-llama/CodeLlama-7b-Instruct-hf,0,band:0.35:6,2.0,42,,,,,,,0.4944,0.0,2472,0,5000,mcq_cache/steered_tssb_mcq_k0_seed42_meta-llama-CodeLlama-7b-Instruct-hf_k0_Lband-0.35-6_a2p0_seed42_es0_el5000.json,vectors/python/behavior_tssb_correctness_behavior_apr_codellama-7b-instruct-hf_pca_center_suffix.svec,,
tssb_mcq_k0_seed42,,mcq_cache/tssb_mcq_k0_seed42.json,meta-llama/CodeLlama-7b-Instruct-hf,0,band:0.35:6,2.5,42,,,,,,,0.4944,0.0,2472,0,5000,mcq_cache/steered_tssb_mcq_k0_seed42_meta-llama-CodeLlama-7b-Instruct-hf_k0_Lband-0.35-6_a2p5_seed42_es0_el5000.json,vectors/python/behavior_tssb_correctness_behavior_apr_codellama-7b-instruct-hf_pca_center_suffix.svec,,
manysstubs_mcq_k0_seed42,,mcq_cache/manysstubs_mcq_k0_seed42.json,meta-llama/CodeLlama-7b-Instruct-hf,0,band:0.55:6,3.0,42,,,,,,,0.4946,0.0,2473,0,5000,mcq_cache/steered_manysstubs_mcq_k0_seed42_meta-llama-CodeLlama-7b-Instruct-hf_k0_Lband-0.55-6_a3p0_seed42_es0_el5000.json,vectors/java/behavior_manysstubs_apr_manysstubs_pairs_3k_codellama-7b-instruct-hf_pca_center_suffix.svec,,
tssb_mcq_k0_seed42,,mcq_cache/tssb_mcq_k0_seed42.json,meta-llama/CodeLlama-7b-Instruct-hf,0,band:0.35:6,3.0,42,,,,,,,0.4944,0.0,2472,0,5000,mcq_cache/steered_tssb_mcq_k0_seed42_meta-llama-CodeLlama-7b-Instruct-hf_k0_Lband-0.35-6_a3p0_seed42_es0_el5000.json,vectors/python/behavior_tssb_correctness_behavior_apr_codellama-7b-instruct-hf_pca_center_suffix.svec,,
manysstubs_mcq_k0_seed42,,mcq_cache/manysstubs_mcq_k0_seed42.json,meta-llama/CodeLlama-7b-Instruct-hf,0,band:0.75:6,1.0,42,,,,,,,0.4942,0.0,2471,0,5000,mcq_cache/steered_manysstubs_mcq_k0_seed42_meta-llama-CodeLlama-7b-Instruct-hf_k0_Lband-0.75-6_a1p0_seed42_es0_el5000.json,vectors/java/behavior_manysstubs_apr_manysstubs_pairs_3k_codellama-7b-instruct-hf_pca_center_suffix.svec,,
tssb_mcq_k0_seed42,,mcq_cache/tssb_mcq_k0_seed42.json,meta-llama/CodeLlama-7b-Instruct-hf,0,band:0.55:6,1.0,42,,,,,,,0.4932,0.0,2466,0,5000,mcq_cache/steered_tssb_mcq_k0_seed42_meta-llama-CodeLlama-7b-Instruct-hf_k0_Lband-0.55-6_a1p0_seed42_es0_el5000.json,vectors/python/behavior_tssb_correctness_behavior_apr_codellama-7b-instruct-hf_pca_center_suffix.svec,,
manysstubs_mcq_k0_seed42,,mcq_cache/manysstubs_mcq_k0_seed42.json,meta-llama/CodeLlama-7b-Instruct-hf,0,band:0.75:6,1.5,42,,,,,,,0.4944,0.0,2472,0,5000,mcq_cache/steered_manysstubs_mcq_k0_seed42_meta-llama-CodeLlama-7b-Instruct-hf_k0_Lband-0.75-6_a1p5_seed42_es0_el5000.json,vectors/java/behavior_manysstubs_apr_manysstubs_pairs_3k_codellama-7b-instruct-hf_pca_center_suffix.svec,,
tssb_mcq_k0_seed42,,mcq_cache/tssb_mcq_k0_seed42.json,meta-llama/CodeLlama-7b-Instruct-hf,0,band:0.55:6,1.5,42,,,,,,,0.4936,0.0,2468,0,5000,mcq_cache/steered_tssb_mcq_k0_seed42_meta-llama-CodeLlama-7b-Instruct-hf_k0_Lband-0.55-6_a1p5_seed42_es0_el5000.json,vectors/python/behavior_tssb_correctness_behavior_apr_codellama-7b-instruct-hf_pca_center_suffix.svec,,
manysstubs_mcq_k0_seed42,,mcq_cache/manysstubs_mcq_k0_seed42.json,meta-llama/CodeLlama-7b-Instruct-hf,0,band:0.75:6,2.0,42,,,,,,,0.4942,0.0,2471,0,5000,mcq_cache/steered_manysstubs_mcq_k0_seed42_meta-llama-CodeLlama-7b-Instruct-hf_k0_Lband-0.75-6_a2p0_seed42_es0_el5000.json,vectors/java/behavior_manysstubs_apr_manysstubs_pairs_3k_codellama-7b-instruct-hf_pca_center_suffix.svec,,
tssb_mcq_k0_seed42,,mcq_cache/tssb_mcq_k0_seed42.json,meta-llama/CodeLlama-7b-Instruct-hf,0,band:0.55:6,2.0,42,,,,,,,0.494,0.0,2470,0,5000,mcq_cache/steered_tssb_mcq_k0_seed42_meta-llama-CodeLlama-7b-Instruct-hf_k0_Lband-0.55-6_a2p0_seed42_es0_el5000.json,vectors/python/behavior_tssb_correctness_behavior_apr_codellama-7b-instruct-hf_pca_center_suffix.svec,,
manysstubs_mcq_k0_seed42,,mcq_cache/manysstubs_mcq_k0_seed42.json,meta-llama/CodeLlama-7b-Instruct-hf,0,band:0.75:6,2.5,42,,,,,,,0.4946,0.0,2473,0,5000,mcq_cache/steered_manysstubs_mcq_k0_seed42_meta-llama-CodeLlama-7b-Instruct-hf_k0_Lband-0.75-6_a2p5_seed42_es0_el5000.json,vectors/java/behavior_manysstubs_apr_manysstubs_pairs_3k_codellama-7b-instruct-hf_pca_center_suffix.svec,,
tssb_mcq_k0_seed42,,mcq_cache/tssb_mcq_k0_seed42.json,meta-llama/CodeLlama-7b-Instruct-hf,0,band:0.55:6,2.5,42,,,,,,,0.4942,0.0,2471,0,5000,mcq_cache/steered_tssb_mcq_k0_seed42_meta-llama-CodeLlama-7b-Instruct-hf_k0_Lband-0.55-6_a2p5_seed42_es0_el5000.json,vectors/python/behavior_tssb_correctness_behavior_apr_codellama-7b-instruct-hf_pca_center_suffix.svec,,
manysstubs_mcq_k0_seed42,,mcq_cache/manysstubs_mcq_k0_seed42.json,meta-llama/CodeLlama-7b-Instruct-hf,0,band:0.75:6,3.0,42,,,,,,,0.4944,0.0,2472,0,5000,mcq_cache/steered_manysstubs_mcq_k0_seed42_meta-llama-CodeLlama-7b-Instruct-hf_k0_Lband-0.75-6_a3p0_seed42_es0_el5000.json,vectors/java/behavior_manysstubs_apr_manysstubs_pairs_3k_codellama-7b-instruct-hf_pca_center_suffix.svec,,
tssb_mcq_k0_seed42,,mcq_cache/tssb_mcq_k0_seed42.json,meta-llama/CodeLlama-7b-Instruct-hf,0,band:0.55:6,3.0,42,,,,,,,0.4942,0.0,2471,0,5000,mcq_cache/steered_tssb_mcq_k0_seed42_meta-llama-CodeLlama-7b-Instruct-hf_k0_Lband-0.55-6_a3p0_seed42_es0_el5000.json,vectors/python/behavior_tssb_correctness_behavior_apr_codellama-7b-instruct-hf_pca_center_suffix.svec,,
manysstubs_mcq_k0_seed42,,mcq_cache/manysstubs_mcq_k0_seed42.json,meta-llama/CodeLlama-7b-Instruct-hf,0,band:0.90:6,1.0,42,,,,,,,0.4942,0.0,2471,0,5000,mcq_cache/steered_manysstubs_mcq_k0_seed42_meta-llama-CodeLlama-7b-Instruct-hf_k0_Lband-0.90-6_a1p0_seed42_es0_el5000.json,vectors/java/behavior_manysstubs_apr_manysstubs_pairs_3k_codellama-7b-instruct-hf_pca_center_suffix.svec,,
tssb_mcq_k0_seed42,,mcq_cache/tssb_mcq_k0_seed42.json,meta-llama/CodeLlama-7b-Instruct-hf,0,band:0.75:6,1.0,42,,,,,,,0.4928,0.0,2464,0,5000,mcq_cache/steered_tssb_mcq_k0_seed42_meta-llama-CodeLlama-7b-Instruct-hf_k0_Lband-0.75-6_a1p0_seed42_es0_el5000.json,vectors/python/behavior_tssb_correctness_behavior_apr_codellama-7b-instruct-hf_pca_center_suffix.svec,,
manysstubs_mcq_k0_seed42,,mcq_cache/manysstubs_mcq_k0_seed42.json,meta-llama/CodeLlama-7b-Instruct-hf,0,band:0.90:6,1.5,42,,,,,,,0.4942,0.0,2471,0,5000,mcq_cache/steered_manysstubs_mcq_k0_seed42_meta-llama-CodeLlama-7b-Instruct-hf_k0_Lband-0.90-6_a1p5_seed42_es0_el5000.json,vectors/java/behavior_manysstubs_apr_manysstubs_pairs_3k_codellama-7b-instruct-hf_pca_center_suffix.svec,,
manysstubs_mcq_k0_seed42,,mcq_cache/manysstubs_mcq_k0_seed42.json,meta-llama/CodeLlama-7b-Instruct-hf,0,band:0.90:6,2.0,42,,,,,,,0.4944,0.0,2472,0,5000,mcq_cache/steered_manysstubs_mcq_k0_seed42_meta-llama-CodeLlama-7b-Instruct-hf_k0_Lband-0.90-6_a2p0_seed42_es0_el5000.json,vectors/java/behavior_manysstubs_apr_manysstubs_pairs_3k_codellama-7b-instruct-hf_pca_center_suffix.svec,,
tssb_mcq_k0_seed42,,mcq_cache/tssb_mcq_k0_seed42.json,meta-llama/CodeLlama-7b-Instruct-hf,0,band:0.75:6,1.5,42,,,,,,,0.4928,0.0,2464,0,5000,mcq_cache/steered_tssb_mcq_k0_seed42_meta-llama-CodeLlama-7b-Instruct-hf_k0_Lband-0.75-6_a1p5_seed42_es0_el5000.json,vectors/python/behavior_tssb_correctness_behavior_apr_codellama-7b-instruct-hf_pca_center_suffix.svec,,
manysstubs_mcq_k0_seed42,,mcq_cache/manysstubs_mcq_k0_seed42.json,meta-llama/CodeLlama-7b-Instruct-hf,0,band:0.90:6,2.5,42,,,,,,,0.4944,0.0,2472,0,5000,mcq_cache/steered_manysstubs_mcq_k0_seed42_meta-llama-CodeLlama-7b-Instruct-hf_k0_Lband-0.90-6_a2p5_seed42_es0_el5000.json,vectors/java/behavior_manysstubs_apr_manysstubs_pairs_3k_codellama-7b-instruct-hf_pca_center_suffix.svec,,
tssb_mcq_k0_seed42,,mcq_cache/tssb_mcq_k0_seed42.json,meta-llama/CodeLlama-7b-Instruct-hf,0,band:0.75:6,2.0,42,,,,,,,0.4928,0.0,2464,0,5000,mcq_cache/steered_tssb_mcq_k0_seed42_meta-llama-CodeLlama-7b-Instruct-hf_k0_Lband-0.75-6_a2p0_seed42_es0_el5000.json,vectors/python/behavior_tssb_correctness_behavior_apr_codellama-7b-instruct-hf_pca_center_suffix.svec,,
manysstubs_mcq_k0_seed42,,mcq_cache/manysstubs_mcq_k0_seed42.json,meta-llama/CodeLlama-7b-Instruct-hf,0,band:0.90:6,3.0,42,,,,,,,0.4942,0.0,2471,0,5000,mcq_cache/steered_manysstubs_mcq_k0_seed42_meta-llama-CodeLlama-7b-Instruct-hf_k0_Lband-0.90-6_a3p0_seed42_es0_el5000.json,vectors/java/behavior_manysstubs_apr_manysstubs_pairs_3k_codellama-7b-instruct-hf_pca_center_suffix.svec,,
manysstubs_mcq_k0_seed42,,mcq_cache/manysstubs_mcq_k0_seed42.json,Qwen/Qwen2.5-7B-Instruct,0,band:0.15:6,1.0,42,,,,,,,0.5228,0.0,2614,0,5000,mcq_cache/steered_manysstubs_mcq_k0_seed42_Qwen-Qwen2.5-7B-Instruct_k0_Lband-0.15-6_a1p0_seed42_es0_el5000.json,vectors/java/behavior_manysstubs_apr_manysstubs_pairs_3k_qwen2-5-7b-instruct_pca_center_suffix.svec,,
tssb_mcq_k0_seed42,,mcq_cache/tssb_mcq_k0_seed42.json,meta-llama/CodeLlama-7b-Instruct-hf,0,band:0.75:6,2.5,42,,,,,,,0.4926,0.0,2463,0,5000,mcq_cache/steered_tssb_mcq_k0_seed42_meta-llama-CodeLlama-7b-Instruct-hf_k0_Lband-0.75-6_a2p5_seed42_es0_el5000.json,vectors/python/behavior_tssb_correctness_behavior_apr_codellama-7b-instruct-hf_pca_center_suffix.svec,,
manysstubs_mcq_k0_seed42,,mcq_cache/manysstubs_mcq_k0_seed42.json,Qwen/Qwen2.5-7B-Instruct,0,band:0.15:6,1.5,42,,,,,,,0.5146,0.0,2573,0,5000,mcq_cache/steered_manysstubs_mcq_k0_seed42_Qwen-Qwen2.5-7B-Instruct_k0_Lband-0.15-6_a1p5_seed42_es0_el5000.json,vectors/java/behavior_manysstubs_apr_manysstubs_pairs_3k_qwen2-5-7b-instruct_pca_center_suffix.svec,,
manysstubs_mcq_k0_seed42,,mcq_cache/manysstubs_mcq_k0_seed42.json,Qwen/Qwen2.5-7B-Instruct,0,band:0.15:6,2.0,42,,,,,,,0.5098,0.0,2549,0,5000,mcq_cache/steered_manysstubs_mcq_k0_seed42_Qwen-Qwen2.5-7B-Instruct_k0_Lband-0.15-6_a2p0_seed42_es0_el5000.json,vectors/java/behavior_manysstubs_apr_manysstubs_pairs_3k_qwen2-5-7b-instruct_pca_center_suffix.svec,,
tssb_mcq_k0_seed42,,mcq_cache/tssb_mcq_k0_seed42.json,meta-llama/CodeLlama-7b-Instruct-hf,0,band:0.75:6,3.0,42,,,,,,,0.4924,0.0,2462,0,5000,mcq_cache/steered_tssb_mcq_k0_seed42_meta-llama-CodeLlama-7b-Instruct-hf_k0_Lband-0.75-6_a3p0_seed42_es0_el5000.json,vectors/python/behavior_tssb_correctness_behavior_apr_codellama-7b-instruct-hf_pca_center_suffix.svec,,
manysstubs_mcq_k0_seed42,,mcq_cache/manysstubs_mcq_k0_seed42.json,Qwen/Qwen2.5-7B-Instruct,0,band:0.15:6,2.5,42,,,,,,,0.5094,0.0,2547,0,5000,mcq_cache/steered_manysstubs_mcq_k0_seed42_Qwen-Qwen2.5-7B-Instruct_k0_Lband-0.15-6_a2p5_seed42_es0_el5000.json,vectors/java/behavior_manysstubs_apr_manysstubs_pairs_3k_qwen2-5-7b-instruct_pca_center_suffix.svec,,
manysstubs_mcq_k0_seed42,,mcq_cache/manysstubs_mcq_k0_seed42.json,Qwen/Qwen2.5-7B-Instruct,0,band:0.15:6,3.0,42,,,,,,,0.5188,0.0,2594,0,5000,mcq_cache/steered_manysstubs_mcq_k0_seed42_Qwen-Qwen2.5-7B-Instruct_k0_Lband-0.15-6_a3p0_seed42_es0_el5000.json,vectors/java/behavior_manysstubs_apr_manysstubs_pairs_3k_qwen2-5-7b-instruct_pca_center_suffix.svec,,
tssb_mcq_k0_seed42,,mcq_cache/tssb_mcq_k0_seed42.json,meta-llama/CodeLlama-7b-Instruct-hf,0,band:0.90:6,1.0,42,,,,,,,0.4932,0.0,2466,0,5000,mcq_cache/steered_tssb_mcq_k0_seed42_meta-llama-CodeLlama-7b-Instruct-hf_k0_Lband-0.90-6_a1p0_seed42_es0_el5000.json,vectors/python/behavior_tssb_correctness_behavior_apr_codellama-7b-instruct-hf_pca_center_suffix.svec,,
manysstubs_mcq_k0_seed42,,mcq_cache/manysstubs_mcq_k0_seed42.json,Qwen/Qwen2.5-7B-Instruct,0,band:0.35:6,1.0,42,,,,,,,0.5382,0.0,2691,0,5000,mcq_cache/steered_manysstubs_mcq_k0_seed42_Qwen-Qwen2.5-7B-Instruct_k0_Lband-0.35-6_a1p0_seed42_es0_el5000.json,vectors/java/behavior_manysstubs_apr_manysstubs_pairs_3k_qwen2-5-7b-instruct_pca_center_suffix.svec,,
manysstubs_mcq_k0_seed42,,mcq_cache/manysstubs_mcq_k0_seed42.json,Qwen/Qwen2.5-7B-Instruct,0,band:0.35:6,1.5,42,,,,,,,0.5388,0.0,2694,0,5000,mcq_cache/steered_manysstubs_mcq_k0_seed42_Qwen-Qwen2.5-7B-Instruct_k0_Lband-0.35-6_a1p5_seed42_es0_el5000.json,vectors/java/behavior_manysstubs_apr_manysstubs_pairs_3k_qwen2-5-7b-instruct_pca_center_suffix.svec,,
tssb_mcq_k0_seed42,,mcq_cache/tssb_mcq_k0_seed42.json,meta-llama/CodeLlama-7b-Instruct-hf,0,band:0.90:6,1.5,42,,,,,,,0.493,0.0,2465,0,5000,mcq_cache/steered_tssb_mcq_k0_seed42_meta-llama-CodeLlama-7b-Instruct-hf_k0_Lband-0.90-6_a1p5_seed42_es0_el5000.json,vectors/python/behavior_tssb_correctness_behavior_apr_codellama-7b-instruct-hf_pca_center_suffix.svec,,
manysstubs_mcq_k0_seed42,,mcq_cache/manysstubs_mcq_k0_seed42.json,Qwen/Qwen2.5-7B-Instruct,0,band:0.35:6,2.0,42,,,,,,,0.5372,0.0,2686,0,5000,mcq_cache/steered_manysstubs_mcq_k0_seed42_Qwen-Qwen2.5-7B-Instruct_k0_Lband-0.35-6_a2p0_seed42_es0_el5000.json,vectors/java/behavior_manysstubs_apr_manysstubs_pairs_3k_qwen2-5-7b-instruct_pca_center_suffix.svec,,
manysstubs_mcq_k0_seed42,,mcq_cache/manysstubs_mcq_k0_seed42.json,Qwen/Qwen2.5-7B-Instruct,0,band:0.35:6,2.5,42,,,,,,,0.5328,0.0,2664,0,5000,mcq_cache/steered_manysstubs_mcq_k0_seed42_Qwen-Qwen2.5-7B-Instruct_k0_Lband-0.35-6_a2p5_seed42_es0_el5000.json,vectors/java/behavior_manysstubs_apr_manysstubs_pairs_3k_qwen2-5-7b-instruct_pca_center_suffix.svec,,
tssb_mcq_k0_seed42,,mcq_cache/tssb_mcq_k0_seed42.json,meta-llama/CodeLlama-7b-Instruct-hf,0,band:0.90:6,2.0,42,,,,,,,0.493,0.0,2465,0,5000,mcq_cache/steered_tssb_mcq_k0_seed42_meta-llama-CodeLlama-7b-Instruct-hf_k0_Lband-0.90-6_a2p0_seed42_es0_el5000.json,vectors/python/behavior_tssb_correctness_behavior_apr_codellama-7b-instruct-hf_pca_center_suffix.svec,,
manysstubs_mcq_k0_seed42,,mcq_cache/manysstubs_mcq_k0_seed42.json,Qwen/Qwen2.5-7B-Instruct,0,band:0.35:6,3.0,42,,,,,,,0.5304,0.0,2652,0,5000,mcq_cache/steered_manysstubs_mcq_k0_seed42_Qwen-Qwen2.5-7B-Instruct_k0_Lband-0.35-6_a3p0_seed42_es0_el5000.json,vectors/java/behavior_manysstubs_apr_manysstubs_pairs_3k_qwen2-5-7b-instruct_pca_center_suffix.svec,,
manysstubs_mcq_k0_seed42,,mcq_cache/manysstubs_mcq_k0_seed42.json,Qwen/Qwen2.5-7B-Instruct,0,band:0.55:6,1.0,42,,,,,,,0.5344,0.0,2672,0,5000,mcq_cache/steered_manysstubs_mcq_k0_seed42_Qwen-Qwen2.5-7B-Instruct_k0_Lband-0.55-6_a1p0_seed42_es0_el5000.json,vectors/java/behavior_manysstubs_apr_manysstubs_pairs_3k_qwen2-5-7b-instruct_pca_center_suffix.svec,,
tssb_mcq_k0_seed42,,mcq_cache/tssb_mcq_k0_seed42.json,meta-llama/CodeLlama-7b-Instruct-hf,0,band:0.90:6,2.5,42,,,,,,,0.4928,0.0,2464,0,5000,mcq_cache/steered_tssb_mcq_k0_seed42_meta-llama-CodeLlama-7b-Instruct-hf_k0_Lband-0.90-6_a2p5_seed42_es0_el5000.json,vectors/python/behavior_tssb_correctness_behavior_apr_codellama-7b-instruct-hf_pca_center_suffix.svec,,
manysstubs_mcq_k0_seed42,,mcq_cache/manysstubs_mcq_k0_seed42.json,Qwen/Qwen2.5-7B-Instruct,0,band:0.55:6,1.5,42,,,,,,,0.5348,0.0,2674,0,5000,mcq_cache/steered_manysstubs_mcq_k0_seed42_Qwen-Qwen2.5-7B-Instruct_k0_Lband-0.55-6_a1p5_seed42_es0_el5000.json,vectors/java/behavior_manysstubs_apr_manysstubs_pairs_3k_qwen2-5-7b-instruct_pca_center_suffix.svec,,
manysstubs_mcq_k0_seed42,,mcq_cache/manysstubs_mcq_k0_seed42.json,Qwen/Qwen2.5-7B-Instruct,0,band:0.55:6,2.0,42,,,,,,,0.536,0.0,2680,0,5000,mcq_cache/steered_manysstubs_mcq_k0_seed42_Qwen-Qwen2.5-7B-Instruct_k0_Lband-0.55-6_a2p0_seed42_es0_el5000.json,vectors/java/behavior_manysstubs_apr_manysstubs_pairs_3k_qwen2-5-7b-instruct_pca_center_suffix.svec,,
tssb_mcq_k0_seed42,,mcq_cache/tssb_mcq_k0_seed42.json,meta-llama/CodeLlama-7b-Instruct-hf,0,band:0.90:6,3.0,42,,,,,,,0.493,0.0,2465,0,5000,mcq_cache/steered_tssb_mcq_k0_seed42_meta-llama-CodeLlama-7b-Instruct-hf_k0_Lband-0.90-6_a3p0_seed42_es0_el5000.json,vectors/python/behavior_tssb_correctness_behavior_apr_codellama-7b-instruct-hf_pca_center_suffix.svec,,
manysstubs_mcq_k0_seed42,,mcq_cache/manysstubs_mcq_k0_seed42.json,Qwen/Qwen2.5-7B-Instruct,0,band:0.55:6,2.5,42,,,,,,,0.5384,0.0,2692,0,5000,mcq_cache/steered_manysstubs_mcq_k0_seed42_Qwen-Qwen2.5-7B-Instruct_k0_Lband-0.55-6_a2p5_seed42_es0_el5000.json,vectors/java/behavior_manysstubs_apr_manysstubs_pairs_3k_qwen2-5-7b-instruct_pca_center_suffix.svec,,
tssb_mcq_k0_seed42,,mcq_cache/tssb_mcq_k0_seed42.json,Qwen/Qwen2.5-7B-Instruct,0,band:0.15:6,1.0,42,,,,,,,0.5742,0.0,2871,0,5000,mcq_cache/steered_tssb_mcq_k0_seed42_Qwen-Qwen2.5-7B-Instruct_k0_Lband-0.15-6_a1p0_seed42_es0_el5000.json,vectors/python/behavior_tssb_correctness_behavior_apr_qwen2-5-7b-instruct_pca_center_suffix.svec,,
manysstubs_mcq_k0_seed42,,mcq_cache/manysstubs_mcq_k0_seed42.json,Qwen/Qwen2.5-7B-Instruct,0,band:0.55:6,3.0,42,,,,,,,0.5342,0.0,2671,0,5000,mcq_cache/steered_manysstubs_mcq_k0_seed42_Qwen-Qwen2.5-7B-Instruct_k0_Lband-0.55-6_a3p0_seed42_es0_el5000.json,vectors/java/behavior_manysstubs_apr_manysstubs_pairs_3k_qwen2-5-7b-instruct_pca_center_suffix.svec,,
tssb_mcq_k0_seed42,,mcq_cache/tssb_mcq_k0_seed42.json,Qwen/Qwen2.5-7B-Instruct,0,band:0.15:6,1.5,42,,,,,,,0.5738,0.0,2869,0,5000,mcq_cache/steered_tssb_mcq_k0_seed42_Qwen-Qwen2.5-7B-Instruct_k0_Lband-0.15-6_a1p5_seed42_es0_el5000.json,vectors/python/behavior_tssb_correctness_behavior_apr_qwen2-5-7b-instruct_pca_center_suffix.svec,,
manysstubs_mcq_k0_seed42,,mcq_cache/manysstubs_mcq_k0_seed42.json,Qwen/Qwen2.5-7B-Instruct,0,band:0.75:6,1.0,42,,,,,,,0.5354,0.0,2677,0,5000,mcq_cache/steered_manysstubs_mcq_k0_seed42_Qwen-Qwen2.5-7B-Instruct_k0_Lband-0.75-6_a1p0_seed42_es0_el5000.json,vectors/java/behavior_manysstubs_apr_manysstubs_pairs_3k_qwen2-5-7b-instruct_pca_center_suffix.svec,,
manysstubs_mcq_k0_seed42,,mcq_cache/manysstubs_mcq_k0_seed42.json,Qwen/Qwen2.5-7B-Instruct,0,band:0.75:6,1.5,42,,,,,,,0.5346,0.0,2673,0,5000,mcq_cache/steered_manysstubs_mcq_k0_seed42_Qwen-Qwen2.5-7B-Instruct_k0_Lband-0.75-6_a1p5_seed42_es0_el5000.json,vectors/java/behavior_manysstubs_apr_manysstubs_pairs_3k_qwen2-5-7b-instruct_pca_center_suffix.svec,,
tssb_mcq_k0_seed42,,mcq_cache/tssb_mcq_k0_seed42.json,Qwen/Qwen2.5-7B-Instruct,0,band:0.15:6,2.0,42,,,,,,,0.575,0.0,2875,0,5000,mcq_cache/steered_tssb_mcq_k0_seed42_Qwen-Qwen2.5-7B-Instruct_k0_Lband-0.15-6_a2p0_seed42_es0_el5000.json,vectors/python/behavior_tssb_correctness_behavior_apr_qwen2-5-7b-instruct_pca_center_suffix.svec,,
manysstubs_mcq_k0_seed42,,mcq_cache/manysstubs_mcq_k0_seed42.json,Qwen/Qwen2.5-7B-Instruct,0,band:0.75:6,2.0,42,,,,,,,0.537,0.0,2685,0,5000,mcq_cache/steered_manysstubs_mcq_k0_seed42_Qwen-Qwen2.5-7B-Instruct_k0_Lband-0.75-6_a2p0_seed42_es0_el5000.json,vectors/java/behavior_manysstubs_apr_manysstubs_pairs_3k_qwen2-5-7b-instruct_pca_center_suffix.svec,,
tssb_mcq_k0_seed42,,mcq_cache/tssb_mcq_k0_seed42.json,Qwen/Qwen2.5-7B-Instruct,0,band:0.15:6,2.5,42,,,,,,,0.5722,0.0,2861,0,5000,mcq_cache/steered_tssb_mcq_k0_seed42_Qwen-Qwen2.5-7B-Instruct_k0_Lband-0.15-6_a2p5_seed42_es0_el5000.json,vectors/python/behavior_tssb_correctness_behavior_apr_qwen2-5-7b-instruct_pca_center_suffix.svec,,
manysstubs_mcq_k0_seed42,,mcq_cache/manysstubs_mcq_k0_seed42.json,Qwen/Qwen2.5-7B-Instruct,0,band:0.75:6,2.5,42,,,,,,,0.5344,0.0,2672,0,5000,mcq_cache/steered_manysstubs_mcq_k0_seed42_Qwen-Qwen2.5-7B-Instruct_k0_Lband-0.75-6_a2p5_seed42_es0_el5000.json,vectors/java/behavior_manysstubs_apr_manysstubs_pairs_3k_qwen2-5-7b-instruct_pca_center_suffix.svec,,
tssb_mcq_k0_seed42,,mcq_cache/tssb_mcq_k0_seed42.json,Qwen/Qwen2.5-7B-Instruct,0,band:0.15:6,3.0,42,,,,,,,0.5674,0.0,2837,0,5000,mcq_cache/steered_tssb_mcq_k0_seed42_Qwen-Qwen2.5-7B-Instruct_k0_Lband-0.15-6_a3p0_seed42_es0_el5000.json,vectors/python/behavior_tssb_correctness_behavior_apr_qwen2-5-7b-instruct_pca_center_suffix.svec,,
manysstubs_mcq_k0_seed42,,mcq_cache/manysstubs_mcq_k0_seed42.json,Qwen/Qwen2.5-7B-Instruct,0,band:0.75:6,3.0,42,,,,,,,0.5346,0.0,2673,0,5000,mcq_cache/steered_manysstubs_mcq_k0_seed42_Qwen-Qwen2.5-7B-Instruct_k0_Lband-0.75-6_a3p0_seed42_es0_el5000.json,vectors/java/behavior_manysstubs_apr_manysstubs_pairs_3k_qwen2-5-7b-instruct_pca_center_suffix.svec,,
tssb_mcq_k0_seed42,,mcq_cache/tssb_mcq_k0_seed42.json,Qwen/Qwen2.5-7B-Instruct,0,band:0.35:6,1.0,42,,,,,,,0.5858,0.0,2929,0,5000,mcq_cache/steered_tssb_mcq_k0_seed42_Qwen-Qwen2.5-7B-Instruct_k0_Lband-0.35-6_a1p0_seed42_es0_el5000.json,vectors/python/behavior_tssb_correctness_behavior_apr_qwen2-5-7b-instruct_pca_center_suffix.svec,,
manysstubs_mcq_k0_seed42,,mcq_cache/manysstubs_mcq_k0_seed42.json,Qwen/Qwen2.5-7B-Instruct,0,band:0.90:6,1.0,42,,,,,,,0.5356,0.0,2678,0,5000,mcq_cache/steered_manysstubs_mcq_k0_seed42_Qwen-Qwen2.5-7B-Instruct_k0_Lband-0.90-6_a1p0_seed42_es0_el5000.json,vectors/java/behavior_manysstubs_apr_manysstubs_pairs_3k_qwen2-5-7b-instruct_pca_center_suffix.svec,,
tssb_mcq_k0_seed42,,mcq_cache/tssb_mcq_k0_seed42.json,Qwen/Qwen2.5-7B-Instruct,0,band:0.35:6,1.5,42,,,,,,,0.586,0.0,2930,0,5000,mcq_cache/steered_tssb_mcq_k0_seed42_Qwen-Qwen2.5-7B-Instruct_k0_Lband-0.35-6_a1p5_seed42_es0_el5000.json,vectors/python/behavior_tssb_correctness_behavior_apr_qwen2-5-7b-instruct_pca_center_suffix.svec,,
manysstubs_mcq_k0_seed42,,mcq_cache/manysstubs_mcq_k0_seed42.json,Qwen/Qwen2.5-7B-Instruct,0,band:0.90:6,1.5,42,,,,,,,0.536,0.0,2680,0,5000,mcq_cache/steered_manysstubs_mcq_k0_seed42_Qwen-Qwen2.5-7B-Instruct_k0_Lband-0.90-6_a1p5_seed42_es0_el5000.json,vectors/java/behavior_manysstubs_apr_manysstubs_pairs_3k_qwen2-5-7b-instruct_pca_center_suffix.svec,,
tssb_mcq_k0_seed42,,mcq_cache/tssb_mcq_k0_seed42.json,Qwen/Qwen2.5-7B-Instruct,0,band:0.35:6,2.0,42,,,,,,,0.5838,0.0,2919,0,5000,mcq_cache/steered_tssb_mcq_k0_seed42_Qwen-Qwen2.5-7B-Instruct_k0_Lband-0.35-6_a2p0_seed42_es0_el5000.json,vectors/python/behavior_tssb_correctness_behavior_apr_qwen2-5-7b-instruct_pca_center_suffix.svec,,
manysstubs_mcq_k0_seed42,,mcq_cache/manysstubs_mcq_k0_seed42.json,Qwen/Qwen2.5-7B-Instruct,0,band:0.90:6,2.0,42,,,,,,,0.5362,0.0,2681,0,5000,mcq_cache/steered_manysstubs_mcq_k0_seed42_Qwen-Qwen2.5-7B-Instruct_k0_Lband-0.90-6_a2p0_seed42_es0_el5000.json,vectors/java/behavior_manysstubs_apr_manysstubs_pairs_3k_qwen2-5-7b-instruct_pca_center_suffix.svec,,
tssb_mcq_k0_seed42,,mcq_cache/tssb_mcq_k0_seed42.json,Qwen/Qwen2.5-7B-Instruct,0,band:0.35:6,2.5,42,,,,,,,0.5806,0.0,2903,0,5000,mcq_cache/steered_tssb_mcq_k0_seed42_Qwen-Qwen2.5-7B-Instruct_k0_Lband-0.35-6_a2p5_seed42_es0_el5000.json,vectors/python/behavior_tssb_correctness_behavior_apr_qwen2-5-7b-instruct_pca_center_suffix.svec,,
manysstubs_mcq_k0_seed42,,mcq_cache/manysstubs_mcq_k0_seed42.json,Qwen/Qwen2.5-7B-Instruct,0,band:0.90:6,2.5,42,,,,,,,0.5364,0.0,2682,0,5000,mcq_cache/steered_manysstubs_mcq_k0_seed42_Qwen-Qwen2.5-7B-Instruct_k0_Lband-0.90-6_a2p5_seed42_es0_el5000.json,vectors/java/behavior_manysstubs_apr_manysstubs_pairs_3k_qwen2-5-7b-instruct_pca_center_suffix.svec,,
tssb_mcq_k0_seed42,,mcq_cache/tssb_mcq_k0_seed42.json,Qwen/Qwen2.5-7B-Instruct,0,band:0.35:6,3.0,42,,,,,,,0.5752,0.0,2876,0,5000,mcq_cache/steered_tssb_mcq_k0_seed42_Qwen-Qwen2.5-7B-Instruct_k0_Lband-0.35-6_a3p0_seed42_es0_el5000.json,vectors/python/behavior_tssb_correctness_behavior_apr_qwen2-5-7b-instruct_pca_center_suffix.svec,,
manysstubs_mcq_k0_seed42,,mcq_cache/manysstubs_mcq_k0_seed42.json,Qwen/Qwen2.5-7B-Instruct,0,band:0.90:6,3.0,42,,,,,,,0.5362,0.0,2681,0,5000,mcq_cache/steered_manysstubs_mcq_k0_seed42_Qwen-Qwen2.5-7B-Instruct_k0_Lband-0.90-6_a3p0_seed42_es0_el5000.json,vectors/java/behavior_manysstubs_apr_manysstubs_pairs_3k_qwen2-5-7b-instruct_pca_center_suffix.svec,,
tssb_mcq_k0_seed42,,mcq_cache/tssb_mcq_k0_seed42.json,Qwen/Qwen2.5-7B-Instruct,0,band:0.55:6,1.0,42,,,,,,,0.5792,0.0,2896,0,5000,mcq_cache/steered_tssb_mcq_k0_seed42_Qwen-Qwen2.5-7B-Instruct_k0_Lband-0.55-6_a1p0_seed42_es0_el5000.json,vectors/python/behavior_tssb_correctness_behavior_apr_qwen2-5-7b-instruct_pca_center_suffix.svec,,
tssb_mcq_k0_seed42,,mcq_cache/tssb_mcq_k0_seed42.json,Qwen/Qwen2.5-7B-Instruct,0,band:0.55:6,1.5,42,,,,,,,0.5782,0.0,2891,0,5000,mcq_cache/steered_tssb_mcq_k0_seed42_Qwen-Qwen2.5-7B-Instruct_k0_Lband-0.55-6_a1p5_seed42_es0_el5000.json,vectors/python/behavior_tssb_correctness_behavior_apr_qwen2-5-7b-instruct_pca_center_suffix.svec,,
manysstubs_mcq_k0_seed42,,mcq_cache/manysstubs_mcq_k0_seed42.json,Qwen/Qwen2.5-Coder-7B-Instruct,0,band:0.15:6,1.0,42,,,,,,,0.617,0.0,3085,0,5000,mcq_cache/steered_manysstubs_mcq_k0_seed42_Qwen-Qwen2.5-Coder-7B-Instruct_k0_Lband-0.15-6_a1p0_seed42_es0_el5000.json,vectors/java/behavior_manysstubs_apr_manysstubs_pairs_3k_qwen2-5-coder-7b-instruct_pca_center_suffix.svec,,
tssb_mcq_k0_seed42,,mcq_cache/tssb_mcq_k0_seed42.json,Qwen/Qwen2.5-7B-Instruct,0,band:0.55:6,2.0,42,,,,,,,0.5782,0.0,2891,0,5000,mcq_cache/steered_tssb_mcq_k0_seed42_Qwen-Qwen2.5-7B-Instruct_k0_Lband-0.55-6_a2p0_seed42_es0_el5000.json,vectors/python/behavior_tssb_correctness_behavior_apr_qwen2-5-7b-instruct_pca_center_suffix.svec,,
manysstubs_mcq_k0_seed42,,mcq_cache/manysstubs_mcq_k0_seed42.json,Qwen/Qwen2.5-Coder-7B-Instruct,0,band:0.15:6,1.5,42,,,,,,,0.615,0.0,3075,0,5000,mcq_cache/steered_manysstubs_mcq_k0_seed42_Qwen-Qwen2.5-Coder-7B-Instruct_k0_Lband-0.15-6_a1p5_seed42_es0_el5000.json,vectors/java/behavior_manysstubs_apr_manysstubs_pairs_3k_qwen2-5-coder-7b-instruct_pca_center_suffix.svec,,
tssb_mcq_k0_seed42,,mcq_cache/tssb_mcq_k0_seed42.json,Qwen/Qwen2.5-7B-Instruct,0,band:0.55:6,2.5,42,,,,,,,0.5752,0.0,2876,0,5000,mcq_cache/steered_tssb_mcq_k0_seed42_Qwen-Qwen2.5-7B-Instruct_k0_Lband-0.55-6_a2p5_seed42_es0_el5000.json,vectors/python/behavior_tssb_correctness_behavior_apr_qwen2-5-7b-instruct_pca_center_suffix.svec,,
manysstubs_mcq_k0_seed42,,mcq_cache/manysstubs_mcq_k0_seed42.json,Qwen/Qwen2.5-Coder-7B-Instruct,0,band:0.15:6,2.0,42,,,,,,,0.614,0.0,3070,0,5000,mcq_cache/steered_manysstubs_mcq_k0_seed42_Qwen-Qwen2.5-Coder-7B-Instruct_k0_Lband-0.15-6_a2p0_seed42_es0_el5000.json,vectors/java/behavior_manysstubs_apr_manysstubs_pairs_3k_qwen2-5-coder-7b-instruct_pca_center_suffix.svec,,
tssb_mcq_k0_seed42,,mcq_cache/tssb_mcq_k0_seed42.json,Qwen/Qwen2.5-7B-Instruct,0,band:0.55:6,3.0,42,,,,,,,0.5746,0.0,2873,0,5000,mcq_cache/steered_tssb_mcq_k0_seed42_Qwen-Qwen2.5-7B-Instruct_k0_Lband-0.55-6_a3p0_seed42_es0_el5000.json,vectors/python/behavior_tssb_correctness_behavior_apr_qwen2-5-7b-instruct_pca_center_suffix.svec,,
manysstubs_mcq_k0_seed42,,mcq_cache/manysstubs_mcq_k0_seed42.json,Qwen/Qwen2.5-Coder-7B-Instruct,0,band:0.15:6,2.5,42,,,,,,,0.61,0.0,3050,0,5000,mcq_cache/steered_manysstubs_mcq_k0_seed42_Qwen-Qwen2.5-Coder-7B-Instruct_k0_Lband-0.15-6_a2p5_seed42_es0_el5000.json,vectors/java/behavior_manysstubs_apr_manysstubs_pairs_3k_qwen2-5-coder-7b-instruct_pca_center_suffix.svec,,
tssb_mcq_k0_seed42,,mcq_cache/tssb_mcq_k0_seed42.json,Qwen/Qwen2.5-7B-Instruct,0,band:0.75:6,1.0,42,,,,,,,0.5768,0.0,2884,0,5000,mcq_cache/steered_tssb_mcq_k0_seed42_Qwen-Qwen2.5-7B-Instruct_k0_Lband-0.75-6_a1p0_seed42_es0_el5000.json,vectors/python/behavior_tssb_correctness_behavior_apr_qwen2-5-7b-instruct_pca_center_suffix.svec,,
manysstubs_mcq_k0_seed42,,mcq_cache/manysstubs_mcq_k0_seed42.json,Qwen/Qwen2.5-Coder-7B-Instruct,0,band:0.15:6,3.0,42,,,,,,,0.6004,0.0,3002,0,5000,mcq_cache/steered_manysstubs_mcq_k0_seed42_Qwen-Qwen2.5-Coder-7B-Instruct_k0_Lband-0.15-6_a3p0_seed42_es0_el5000.json,vectors/java/behavior_manysstubs_apr_manysstubs_pairs_3k_qwen2-5-coder-7b-instruct_pca_center_suffix.svec,,
tssb_mcq_k0_seed42,,mcq_cache/tssb_mcq_k0_seed42.json,Qwen/Qwen2.5-7B-Instruct,0,band:0.75:6,1.5,42,,,,,,,0.5758,0.0,2879,0,5000,mcq_cache/steered_tssb_mcq_k0_seed42_Qwen-Qwen2.5-7B-Instruct_k0_Lband-0.75-6_a1p5_seed42_es0_el5000.json,vectors/python/behavior_tssb_correctness_behavior_apr_qwen2-5-7b-instruct_pca_center_suffix.svec,,
manysstubs_mcq_k0_seed42,,mcq_cache/manysstubs_mcq_k0_seed42.json,Qwen/Qwen2.5-Coder-7B-Instruct,0,band:0.35:6,1.0,42,,,,,,,0.6176,0.0,3088,0,5000,mcq_cache/steered_manysstubs_mcq_k0_seed42_Qwen-Qwen2.5-Coder-7B-Instruct_k0_Lband-0.35-6_a1p0_seed42_es0_el5000.json,vectors/java/behavior_manysstubs_apr_manysstubs_pairs_3k_qwen2-5-coder-7b-instruct_pca_center_suffix.svec,,
tssb_mcq_k0_seed42,,mcq_cache/tssb_mcq_k0_seed42.json,Qwen/Qwen2.5-7B-Instruct,0,band:0.75:6,2.0,42,,,,,,,0.5748,0.0,2874,0,5000,mcq_cache/steered_tssb_mcq_k0_seed42_Qwen-Qwen2.5-7B-Instruct_k0_Lband-0.75-6_a2p0_seed42_es0_el5000.json,vectors/python/behavior_tssb_correctness_behavior_apr_qwen2-5-7b-instruct_pca_center_suffix.svec,,
manysstubs_mcq_k0_seed42,,mcq_cache/manysstubs_mcq_k0_seed42.json,Qwen/Qwen2.5-Coder-7B-Instruct,0,band:0.35:6,1.5,42,,,,,,,0.617,0.0,3085,0,5000,mcq_cache/steered_manysstubs_mcq_k0_seed42_Qwen-Qwen2.5-Coder-7B-Instruct_k0_Lband-0.35-6_a1p5_seed42_es0_el5000.json,vectors/java/behavior_manysstubs_apr_manysstubs_pairs_3k_qwen2-5-coder-7b-instruct_pca_center_suffix.svec,,
tssb_mcq_k0_seed42,,mcq_cache/tssb_mcq_k0_seed42.json,Qwen/Qwen2.5-7B-Instruct,0,band:0.75:6,2.5,42,,,,,,,0.574,0.0,2870,0,5000,mcq_cache/steered_tssb_mcq_k0_seed42_Qwen-Qwen2.5-7B-Instruct_k0_Lband-0.75-6_a2p5_seed42_es0_el5000.json,vectors/python/behavior_tssb_correctness_behavior_apr_qwen2-5-7b-instruct_pca_center_suffix.svec,,
manysstubs_mcq_k0_seed42,,mcq_cache/manysstubs_mcq_k0_seed42.json,Qwen/Qwen2.5-Coder-7B-Instruct,0,band:0.35:6,2.0,42,,,,,,,0.616,0.0,3080,0,5000,mcq_cache/steered_manysstubs_mcq_k0_seed42_Qwen-Qwen2.5-Coder-7B-Instruct_k0_Lband-0.35-6_a2p0_seed42_es0_el5000.json,vectors/java/behavior_manysstubs_apr_manysstubs_pairs_3k_qwen2-5-coder-7b-instruct_pca_center_suffix.svec,,
tssb_mcq_k0_seed42,,mcq_cache/tssb_mcq_k0_seed42.json,Qwen/Qwen2.5-7B-Instruct,0,band:0.75:6,3.0,42,,,,,,,0.5714,0.0,2857,0,5000,mcq_cache/steered_tssb_mcq_k0_seed42_Qwen-Qwen2.5-7B-Instruct_k0_Lband-0.75-6_a3p0_seed42_es0_el5000.json,vectors/python/behavior_tssb_correctness_behavior_apr_qwen2-5-7b-instruct_pca_center_suffix.svec,,
tssb_mcq_k0_seed42,,mcq_cache/tssb_mcq_k0_seed42.json,Qwen/Qwen2.5-7B-Instruct,0,band:0.90:6,1.0,42,,,,,,,0.5776,0.0,2888,0,5000,mcq_cache/steered_tssb_mcq_k0_seed42_Qwen-Qwen2.5-7B-Instruct_k0_Lband-0.90-6_a1p0_seed42_es0_el5000.json,vectors/python/behavior_tssb_correctness_behavior_apr_qwen2-5-7b-instruct_pca_center_suffix.svec,,
manysstubs_mcq_k0_seed42,,mcq_cache/manysstubs_mcq_k0_seed42.json,Qwen/Qwen2.5-Coder-7B-Instruct,0,band:0.35:6,2.5,42,,,,,,,0.6138,0.0,3069,0,5000,mcq_cache/steered_manysstubs_mcq_k0_seed42_Qwen-Qwen2.5-Coder-7B-Instruct_k0_Lband-0.35-6_a2p5_seed42_es0_el5000.json,vectors/java/behavior_manysstubs_apr_manysstubs_pairs_3k_qwen2-5-coder-7b-instruct_pca_center_suffix.svec,,
tssb_mcq_k0_seed42,,mcq_cache/tssb_mcq_k0_seed42.json,Qwen/Qwen2.5-7B-Instruct,0,band:0.90:6,1.5,42,,,,,,,0.5776,0.0,2888,0,5000,mcq_cache/steered_tssb_mcq_k0_seed42_Qwen-Qwen2.5-7B-Instruct_k0_Lband-0.90-6_a1p5_seed42_es0_el5000.json,vectors/python/behavior_tssb_correctness_behavior_apr_qwen2-5-7b-instruct_pca_center_suffix.svec,,
manysstubs_mcq_k0_seed42,,mcq_cache/manysstubs_mcq_k0_seed42.json,Qwen/Qwen2.5-Coder-7B-Instruct,0,band:0.35:6,3.0,42,,,,,,,0.6114,0.0,3057,0,5000,mcq_cache/steered_manysstubs_mcq_k0_seed42_Qwen-Qwen2.5-Coder-7B-Instruct_k0_Lband-0.35-6_a3p0_seed42_es0_el5000.json,vectors/java/behavior_manysstubs_apr_manysstubs_pairs_3k_qwen2-5-coder-7b-instruct_pca_center_suffix.svec,,
tssb_mcq_k0_seed42,,mcq_cache/tssb_mcq_k0_seed42.json,Qwen/Qwen2.5-7B-Instruct,0,band:0.90:6,2.0,42,,,,,,,0.5776,0.0,2888,0,5000,mcq_cache/steered_tssb_mcq_k0_seed42_Qwen-Qwen2.5-7B-Instruct_k0_Lband-0.90-6_a2p0_seed42_es0_el5000.json,vectors/python/behavior_tssb_correctness_behavior_apr_qwen2-5-7b-instruct_pca_center_suffix.svec,,
manysstubs_mcq_k0_seed42,,mcq_cache/manysstubs_mcq_k0_seed42.json,Qwen/Qwen2.5-Coder-7B-Instruct,0,band:0.55:6,1.0,42,,,,,,,0.6182,0.0,3091,0,5000,mcq_cache/steered_manysstubs_mcq_k0_seed42_Qwen-Qwen2.5-Coder-7B-Instruct_k0_Lband-0.55-6_a1p0_seed42_es0_el5000.json,vectors/java/behavior_manysstubs_apr_manysstubs_pairs_3k_qwen2-5-coder-7b-instruct_pca_center_suffix.svec,,
tssb_mcq_k0_seed42,,mcq_cache/tssb_mcq_k0_seed42.json,Qwen/Qwen2.5-7B-Instruct,0,band:0.90:6,2.5,42,,,,,,,0.5782,0.0,2891,0,5000,mcq_cache/steered_tssb_mcq_k0_seed42_Qwen-Qwen2.5-7B-Instruct_k0_Lband-0.90-6_a2p5_seed42_es0_el5000.json,vectors/python/behavior_tssb_correctness_behavior_apr_qwen2-5-7b-instruct_pca_center_suffix.svec,,
manysstubs_mcq_k0_seed42,,mcq_cache/manysstubs_mcq_k0_seed42.json,Qwen/Qwen2.5-Coder-7B-Instruct,0,band:0.55:6,1.5,42,,,,,,,0.6144,0.0,3072,0,5000,mcq_cache/steered_manysstubs_mcq_k0_seed42_Qwen-Qwen2.5-Coder-7B-Instruct_k0_Lband-0.55-6_a1p5_seed42_es0_el5000.json,vectors/java/behavior_manysstubs_apr_manysstubs_pairs_3k_qwen2-5-coder-7b-instruct_pca_center_suffix.svec,,
tssb_mcq_k0_seed42,,mcq_cache/tssb_mcq_k0_seed42.json,Qwen/Qwen2.5-7B-Instruct,0,band:0.90:6,3.0,42,,,,,,,0.5782,0.0,2891,0,5000,mcq_cache/steered_tssb_mcq_k0_seed42_Qwen-Qwen2.5-7B-Instruct_k0_Lband-0.90-6_a3p0_seed42_es0_el5000.json,vectors/python/behavior_tssb_correctness_behavior_apr_qwen2-5-7b-instruct_pca_center_suffix.svec,,
manysstubs_mcq_k0_seed42,,mcq_cache/manysstubs_mcq_k0_seed42.json,Qwen/Qwen2.5-Coder-7B-Instruct,0,band:0.55:6,2.0,42,,,,,,,0.6132,0.0,3066,0,5000,mcq_cache/steered_manysstubs_mcq_k0_seed42_Qwen-Qwen2.5-Coder-7B-Instruct_k0_Lband-0.55-6_a2p0_seed42_es0_el5000.json,vectors/java/behavior_manysstubs_apr_manysstubs_pairs_3k_qwen2-5-coder-7b-instruct_pca_center_suffix.svec,,
tssb_mcq_k0_seed42,,mcq_cache/tssb_mcq_k0_seed42.json,Qwen/Qwen2.5-Coder-7B-Instruct,0,band:0.15:6,1.0,42,,,,,,,0.6212,0.0,3106,0,5000,mcq_cache/steered_tssb_mcq_k0_seed42_Qwen-Qwen2.5-Coder-7B-Instruct_k0_Lband-0.15-6_a1p0_seed42_es0_el5000.json,vectors/python/behavior_tssb_correctness_behavior_apr_qwen2-5-coder-7b-instruct_pca_center_suffix.svec,,
tssb_mcq_k0_seed42,,mcq_cache/tssb_mcq_k0_seed42.json,Qwen/Qwen2.5-Coder-7B-Instruct,0,band:0.15:6,1.5,42,,,,,,,0.6192,0.0,3096,0,5000,mcq_cache/steered_tssb_mcq_k0_seed42_Qwen-Qwen2.5-Coder-7B-Instruct_k0_Lband-0.15-6_a1p5_seed42_es0_el5000.json,vectors/python/behavior_tssb_correctness_behavior_apr_qwen2-5-coder-7b-instruct_pca_center_suffix.svec,,
manysstubs_mcq_k0_seed42,,mcq_cache/manysstubs_mcq_k0_seed42.json,Qwen/Qwen2.5-Coder-7B-Instruct,0,band:0.55:6,2.5,42,,,,,,,0.6114,0.0,3057,0,5000,mcq_cache/steered_manysstubs_mcq_k0_seed42_Qwen-Qwen2.5-Coder-7B-Instruct_k0_Lband-0.55-6_a2p5_seed42_es0_el5000.json,vectors/java/behavior_manysstubs_apr_manysstubs_pairs_3k_qwen2-5-coder-7b-instruct_pca_center_suffix.svec,,
tssb_mcq_k0_seed42,,mcq_cache/tssb_mcq_k0_seed42.json,Qwen/Qwen2.5-Coder-7B-Instruct,0,band:0.15:6,2.0,42,,,,,,,0.6158,0.0,3079,0,5000,mcq_cache/steered_tssb_mcq_k0_seed42_Qwen-Qwen2.5-Coder-7B-Instruct_k0_Lband-0.15-6_a2p0_seed42_es0_el5000.json,vectors/python/behavior_tssb_correctness_behavior_apr_qwen2-5-coder-7b-instruct_pca_center_suffix.svec,,
manysstubs_mcq_k0_seed42,,mcq_cache/manysstubs_mcq_k0_seed42.json,Qwen/Qwen2.5-Coder-7B-Instruct,0,band:0.55:6,3.0,42,,,,,,,0.6084,0.0,3042,0,5000,mcq_cache/steered_manysstubs_mcq_k0_seed42_Qwen-Qwen2.5-Coder-7B-Instruct_k0_Lband-0.55-6_a3p0_seed42_es0_el5000.json,vectors/java/behavior_manysstubs_apr_manysstubs_pairs_3k_qwen2-5-coder-7b-instruct_pca_center_suffix.svec,,
tssb_mcq_k0_seed42,,mcq_cache/tssb_mcq_k0_seed42.json,Qwen/Qwen2.5-Coder-7B-Instruct,0,band:0.15:6,2.5,42,,,,,,,0.6122,0.0,3061,0,5000,mcq_cache/steered_tssb_mcq_k0_seed42_Qwen-Qwen2.5-Coder-7B-Instruct_k0_Lband-0.15-6_a2p5_seed42_es0_el5000.json,vectors/python/behavior_tssb_correctness_behavior_apr_qwen2-5-coder-7b-instruct_pca_center_suffix.svec,,
manysstubs_mcq_k0_seed42,,mcq_cache/manysstubs_mcq_k0_seed42.json,Qwen/Qwen2.5-Coder-7B-Instruct,0,band:0.75:6,1.0,42,,,,,,,0.621,0.0,3105,0,5000,mcq_cache/steered_manysstubs_mcq_k0_seed42_Qwen-Qwen2.5-Coder-7B-Instruct_k0_Lband-0.75-6_a1p0_seed42_es0_el5000.json,vectors/java/behavior_manysstubs_apr_manysstubs_pairs_3k_qwen2-5-coder-7b-instruct_pca_center_suffix.svec,,
tssb_mcq_k0_seed42,,mcq_cache/tssb_mcq_k0_seed42.json,Qwen/Qwen2.5-Coder-7B-Instruct,0,band:0.15:6,3.0,42,,,,,,,0.607,0.0,3035,0,5000,mcq_cache/steered_tssb_mcq_k0_seed42_Qwen-Qwen2.5-Coder-7B-Instruct_k0_Lband-0.15-6_a3p0_seed42_es0_el5000.json,vectors/python/behavior_tssb_correctness_behavior_apr_qwen2-5-coder-7b-instruct_pca_center_suffix.svec,,
manysstubs_mcq_k0_seed42,,mcq_cache/manysstubs_mcq_k0_seed42.json,Qwen/Qwen2.5-Coder-7B-Instruct,0,band:0.75:6,1.5,42,,,,,,,0.6202,0.0,3101,0,5000,mcq_cache/steered_manysstubs_mcq_k0_seed42_Qwen-Qwen2.5-Coder-7B-Instruct_k0_Lband-0.75-6_a1p5_seed42_es0_el5000.json,vectors/java/behavior_manysstubs_apr_manysstubs_pairs_3k_qwen2-5-coder-7b-instruct_pca_center_suffix.svec,,
tssb_mcq_k0_seed42,,mcq_cache/tssb_mcq_k0_seed42.json,Qwen/Qwen2.5-Coder-7B-Instruct,0,band:0.35:6,1.0,42,,,,,,,0.6218,0.0,3109,0,5000,mcq_cache/steered_tssb_mcq_k0_seed42_Qwen-Qwen2.5-Coder-7B-Instruct_k0_Lband-0.35-6_a1p0_seed42_es0_el5000.json,vectors/python/behavior_tssb_correctness_behavior_apr_qwen2-5-coder-7b-instruct_pca_center_suffix.svec,,
manysstubs_mcq_k0_seed42,,mcq_cache/manysstubs_mcq_k0_seed42.json,Qwen/Qwen2.5-Coder-7B-Instruct,0,band:0.75:6,2.0,42,,,,,,,0.6204,0.0,3102,0,5000,mcq_cache/steered_manysstubs_mcq_k0_seed42_Qwen-Qwen2.5-Coder-7B-Instruct_k0_Lband-0.75-6_a2p0_seed42_es0_el5000.json,vectors/java/behavior_manysstubs_apr_manysstubs_pairs_3k_qwen2-5-coder-7b-instruct_pca_center_suffix.svec,,
tssb_mcq_k0_seed42,,mcq_cache/tssb_mcq_k0_seed42.json,Qwen/Qwen2.5-Coder-7B-Instruct,0,band:0.35:6,1.5,42,,,,,,,0.6202,0.0,3101,0,5000,mcq_cache/steered_tssb_mcq_k0_seed42_Qwen-Qwen2.5-Coder-7B-Instruct_k0_Lband-0.35-6_a1p5_seed42_es0_el5000.json,vectors/python/behavior_tssb_correctness_behavior_apr_qwen2-5-coder-7b-instruct_pca_center_suffix.svec,,
manysstubs_mcq_k0_seed42,,mcq_cache/manysstubs_mcq_k0_seed42.json,Qwen/Qwen2.5-Coder-7B-Instruct,0,band:0.75:6,2.5,42,,,,,,,0.6202,0.0,3101,0,5000,mcq_cache/steered_manysstubs_mcq_k0_seed42_Qwen-Qwen2.5-Coder-7B-Instruct_k0_Lband-0.75-6_a2p5_seed42_es0_el5000.json,vectors/java/behavior_manysstubs_apr_manysstubs_pairs_3k_qwen2-5-coder-7b-instruct_pca_center_suffix.svec,,
tssb_mcq_k0_seed42,,mcq_cache/tssb_mcq_k0_seed42.json,Qwen/Qwen2.5-Coder-7B-Instruct,0,band:0.35:6,2.0,42,,,,,,,0.619,0.0,3095,0,5000,mcq_cache/steered_tssb_mcq_k0_seed42_Qwen-Qwen2.5-Coder-7B-Instruct_k0_Lband-0.35-6_a2p0_seed42_es0_el5000.json,vectors/python/behavior_tssb_correctness_behavior_apr_qwen2-5-coder-7b-instruct_pca_center_suffix.svec,,
tssb_mcq_k0_seed42,,mcq_cache/tssb_mcq_k0_seed42.json,Qwen/Qwen2.5-Coder-7B-Instruct,0,band:0.35:6,2.5,42,,,,,,,0.6166,0.0,3083,0,5000,mcq_cache/steered_tssb_mcq_k0_seed42_Qwen-Qwen2.5-Coder-7B-Instruct_k0_Lband-0.35-6_a2p5_seed42_es0_el5000.json,vectors/python/behavior_tssb_correctness_behavior_apr_qwen2-5-coder-7b-instruct_pca_center_suffix.svec,,
manysstubs_mcq_k0_seed42,,mcq_cache/manysstubs_mcq_k0_seed42.json,Qwen/Qwen2.5-Coder-7B-Instruct,0,band:0.75:6,3.0,42,,,,,,,0.6192,0.0,3096,0,5000,mcq_cache/steered_manysstubs_mcq_k0_seed42_Qwen-Qwen2.5-Coder-7B-Instruct_k0_Lband-0.75-6_a3p0_seed42_es0_el5000.json,vectors/java/behavior_manysstubs_apr_manysstubs_pairs_3k_qwen2-5-coder-7b-instruct_pca_center_suffix.svec,,
tssb_mcq_k0_seed42,,mcq_cache/tssb_mcq_k0_seed42.json,Qwen/Qwen2.5-Coder-7B-Instruct,0,band:0.35:6,3.0,42,,,,,,,0.6162,0.0,3081,0,5000,mcq_cache/steered_tssb_mcq_k0_seed42_Qwen-Qwen2.5-Coder-7B-Instruct_k0_Lband-0.35-6_a3p0_seed42_es0_el5000.json,vectors/python/behavior_tssb_correctness_behavior_apr_qwen2-5-coder-7b-instruct_pca_center_suffix.svec,,
manysstubs_mcq_k0_seed42,,mcq_cache/manysstubs_mcq_k0_seed42.json,Qwen/Qwen2.5-Coder-7B-Instruct,0,band:0.90:6,1.0,42,,,,,,,0.6214,0.0,3107,0,5000,mcq_cache/steered_manysstubs_mcq_k0_seed42_Qwen-Qwen2.5-Coder-7B-Instruct_k0_Lband-0.90-6_a1p0_seed42_es0_el5000.json,vectors/java/behavior_manysstubs_apr_manysstubs_pairs_3k_qwen2-5-coder-7b-instruct_pca_center_suffix.svec,,
tssb_mcq_k0_seed42,,mcq_cache/tssb_mcq_k0_seed42.json,Qwen/Qwen2.5-Coder-7B-Instruct,0,band:0.55:6,1.0,42,,,,,,,0.627,0.0,3135,0,5000,mcq_cache/steered_tssb_mcq_k0_seed42_Qwen-Qwen2.5-Coder-7B-Instruct_k0_Lband-0.55-6_a1p0_seed42_es0_el5000.json,vectors/python/behavior_tssb_correctness_behavior_apr_qwen2-5-coder-7b-instruct_pca_center_suffix.svec,,
manysstubs_mcq_k0_seed42,,mcq_cache/manysstubs_mcq_k0_seed42.json,Qwen/Qwen2.5-Coder-7B-Instruct,0,band:0.90:6,1.5,42,,,,,,,0.622,0.0,3110,0,5000,mcq_cache/steered_manysstubs_mcq_k0_seed42_Qwen-Qwen2.5-Coder-7B-Instruct_k0_Lband-0.90-6_a1p5_seed42_es0_el5000.json,vectors/java/behavior_manysstubs_apr_manysstubs_pairs_3k_qwen2-5-coder-7b-instruct_pca_center_suffix.svec,,
tssb_mcq_k0_seed42,,mcq_cache/tssb_mcq_k0_seed42.json,Qwen/Qwen2.5-Coder-7B-Instruct,0,band:0.55:6,1.5,42,,,,,,,0.6276,0.0,3138,0,5000,mcq_cache/steered_tssb_mcq_k0_seed42_Qwen-Qwen2.5-Coder-7B-Instruct_k0_Lband-0.55-6_a1p5_seed42_es0_el5000.json,vectors/python/behavior_tssb_correctness_behavior_apr_qwen2-5-coder-7b-instruct_pca_center_suffix.svec,,
manysstubs_mcq_k0_seed42,,mcq_cache/manysstubs_mcq_k0_seed42.json,Qwen/Qwen2.5-Coder-7B-Instruct,0,band:0.90:6,2.0,42,,,,,,,0.622,0.0,3110,0,5000,mcq_cache/steered_manysstubs_mcq_k0_seed42_Qwen-Qwen2.5-Coder-7B-Instruct_k0_Lband-0.90-6_a2p0_seed42_es0_el5000.json,vectors/java/behavior_manysstubs_apr_manysstubs_pairs_3k_qwen2-5-coder-7b-instruct_pca_center_suffix.svec,,
tssb_mcq_k0_seed42,,mcq_cache/tssb_mcq_k0_seed42.json,Qwen/Qwen2.5-Coder-7B-Instruct,0,band:0.55:6,2.0,42,,,,,,,0.6288,0.0,3144,0,5000,mcq_cache/steered_tssb_mcq_k0_seed42_Qwen-Qwen2.5-Coder-7B-Instruct_k0_Lband-0.55-6_a2p0_seed42_es0_el5000.json,vectors/python/behavior_tssb_correctness_behavior_apr_qwen2-5-coder-7b-instruct_pca_center_suffix.svec,,
manysstubs_mcq_k0_seed42,,mcq_cache/manysstubs_mcq_k0_seed42.json,Qwen/Qwen2.5-Coder-7B-Instruct,0,band:0.90:6,2.5,42,,,,,,,0.622,0.0,3110,0,5000,mcq_cache/steered_manysstubs_mcq_k0_seed42_Qwen-Qwen2.5-Coder-7B-Instruct_k0_Lband-0.90-6_a2p5_seed42_es0_el5000.json,vectors/java/behavior_manysstubs_apr_manysstubs_pairs_3k_qwen2-5-coder-7b-instruct_pca_center_suffix.svec,,
tssb_mcq_k0_seed42,,mcq_cache/tssb_mcq_k0_seed42.json,Qwen/Qwen2.5-Coder-7B-Instruct,0,band:0.55:6,2.5,42,,,,,,,0.6302,0.0,3151,0,5000,mcq_cache/steered_tssb_mcq_k0_seed42_Qwen-Qwen2.5-Coder-7B-Instruct_k0_Lband-0.55-6_a2p5_seed42_es0_el5000.json,vectors/python/behavior_tssb_correctness_behavior_apr_qwen2-5-coder-7b-instruct_pca_center_suffix.svec,,
manysstubs_mcq_k0_seed42,,mcq_cache/manysstubs_mcq_k0_seed42.json,Qwen/Qwen2.5-Coder-7B-Instruct,0,band:0.90:6,3.0,42,,,,,,,0.6226,0.0,3113,0,5000,mcq_cache/steered_manysstubs_mcq_k0_seed42_Qwen-Qwen2.5-Coder-7B-Instruct_k0_Lband-0.90-6_a3p0_seed42_es0_el5000.json,vectors/java/behavior_manysstubs_apr_manysstubs_pairs_3k_qwen2-5-coder-7b-instruct_pca_center_suffix.svec,,
tssb_mcq_k0_seed42,,mcq_cache/tssb_mcq_k0_seed42.json,Qwen/Qwen2.5-Coder-7B-Instruct,0,band:0.55:6,3.0,42,,,,,,,0.6308,0.0,3154,0,5000,mcq_cache/steered_tssb_mcq_k0_seed42_Qwen-Qwen2.5-Coder-7B-Instruct_k0_Lband-0.55-6_a3p0_seed42_es0_el5000.json,vectors/python/behavior_tssb_correctness_behavior_apr_qwen2-5-coder-7b-instruct_pca_center_suffix.svec,,
tssb_mcq_k0_seed42,,mcq_cache/tssb_mcq_k0_seed42.json,Qwen/Qwen2.5-Coder-7B-Instruct,0,band:0.75:6,1.0,42,,,,,,,0.6266,0.0,3133,0,5000,mcq_cache/steered_tssb_mcq_k0_seed42_Qwen-Qwen2.5-Coder-7B-Instruct_k0_Lband-0.75-6_a1p0_seed42_es0_el5000.json,vectors/python/behavior_tssb_correctness_behavior_apr_qwen2-5-coder-7b-instruct_pca_center_suffix.svec,,
manysstubs_mcq_k0_seed42,,mcq_cache/manysstubs_mcq_k0_seed42.json,Qwen/Qwen2.5-Coder-14B-Instruct,0,band:0.15:6,1.0,42,,,,,,,0.6276,0.0,3138,0,5000,mcq_cache/steered_manysstubs_mcq_k0_seed42_Qwen-Qwen2.5-Coder-14B-Instruct_k0_Lband-0.15-6_a1p0_seed42_es0_el5000.json,vectors/java/behavior_manysstubs_apr_manysstubs_pairs_3k_qwen2-5-coder-14b-instruct_pca_center_suffix.svec,,
tssb_mcq_k0_seed42,,mcq_cache/tssb_mcq_k0_seed42.json,Qwen/Qwen2.5-Coder-7B-Instruct,0,band:0.75:6,1.5,42,,,,,,,0.6264,0.0,3132,0,5000,mcq_cache/steered_tssb_mcq_k0_seed42_Qwen-Qwen2.5-Coder-7B-Instruct_k0_Lband-0.75-6_a1p5_seed42_es0_el5000.json,vectors/python/behavior_tssb_correctness_behavior_apr_qwen2-5-coder-7b-instruct_pca_center_suffix.svec,,
manysstubs_mcq_k0_seed42,,mcq_cache/manysstubs_mcq_k0_seed42.json,Qwen/Qwen2.5-Coder-14B-Instruct,0,band:0.15:6,1.5,42,,,,,,,0.6264,0.0,3132,0,5000,mcq_cache/steered_manysstubs_mcq_k0_seed42_Qwen-Qwen2.5-Coder-14B-Instruct_k0_Lband-0.15-6_a1p5_seed42_es0_el5000.json,vectors/java/behavior_manysstubs_apr_manysstubs_pairs_3k_qwen2-5-coder-14b-instruct_pca_center_suffix.svec,,
tssb_mcq_k0_seed42,,mcq_cache/tssb_mcq_k0_seed42.json,Qwen/Qwen2.5-Coder-7B-Instruct,0,band:0.75:6,2.0,42,,,,,,,0.6264,0.0,3132,0,5000,mcq_cache/steered_tssb_mcq_k0_seed42_Qwen-Qwen2.5-Coder-7B-Instruct_k0_Lband-0.75-6_a2p0_seed42_es0_el5000.json,vectors/python/behavior_tssb_correctness_behavior_apr_qwen2-5-coder-7b-instruct_pca_center_suffix.svec,,
tssb_mcq_k0_seed42,,mcq_cache/tssb_mcq_k0_seed42.json,Qwen/Qwen2.5-Coder-7B-Instruct,0,band:0.75:6,2.5,42,,,,,,,0.6258,0.0,3129,0,5000,mcq_cache/steered_tssb_mcq_k0_seed42_Qwen-Qwen2.5-Coder-7B-Instruct_k0_Lband-0.75-6_a2p5_seed42_es0_el5000.json,vectors/python/behavior_tssb_correctness_behavior_apr_qwen2-5-coder-7b-instruct_pca_center_suffix.svec,,
manysstubs_mcq_k0_seed42,,mcq_cache/manysstubs_mcq_k0_seed42.json,Qwen/Qwen2.5-Coder-14B-Instruct,0,band:0.15:6,2.0,42,,,,,,,0.6268,0.0,3134,0,5000,mcq_cache/steered_manysstubs_mcq_k0_seed42_Qwen-Qwen2.5-Coder-14B-Instruct_k0_Lband-0.15-6_a2p0_seed42_es0_el5000.json,vectors/java/behavior_manysstubs_apr_manysstubs_pairs_3k_qwen2-5-coder-14b-instruct_pca_center_suffix.svec,,
tssb_mcq_k0_seed42,,mcq_cache/tssb_mcq_k0_seed42.json,Qwen/Qwen2.5-Coder-7B-Instruct,0,band:0.75:6,3.0,42,,,,,,,0.6278,0.0,3139,0,5000,mcq_cache/steered_tssb_mcq_k0_seed42_Qwen-Qwen2.5-Coder-7B-Instruct_k0_Lband-0.75-6_a3p0_seed42_es0_el5000.json,vectors/python/behavior_tssb_correctness_behavior_apr_qwen2-5-coder-7b-instruct_pca_center_suffix.svec,,
tssb_mcq_k0_seed42,,mcq_cache/tssb_mcq_k0_seed42.json,Qwen/Qwen2.5-Coder-7B-Instruct,0,band:0.90:6,1.0,42,,,,,,,0.6258,0.0,3129,0,5000,mcq_cache/steered_tssb_mcq_k0_seed42_Qwen-Qwen2.5-Coder-7B-Instruct_k0_Lband-0.90-6_a1p0_seed42_es0_el5000.json,vectors/python/behavior_tssb_correctness_behavior_apr_qwen2-5-coder-7b-instruct_pca_center_suffix.svec,,
manysstubs_mcq_k0_seed42,,mcq_cache/manysstubs_mcq_k0_seed42.json,Qwen/Qwen2.5-Coder-14B-Instruct,0,band:0.15:6,2.5,42,,,,,,,0.626,0.0,3130,0,5000,mcq_cache/steered_manysstubs_mcq_k0_seed42_Qwen-Qwen2.5-Coder-14B-Instruct_k0_Lband-0.15-6_a2p5_seed42_es0_el5000.json,vectors/java/behavior_manysstubs_apr_manysstubs_pairs_3k_qwen2-5-coder-14b-instruct_pca_center_suffix.svec,,
tssb_mcq_k0_seed42,,mcq_cache/tssb_mcq_k0_seed42.json,Qwen/Qwen2.5-Coder-7B-Instruct,0,band:0.90:6,1.5,42,,,,,,,0.6256,0.0,3128,0,5000,mcq_cache/steered_tssb_mcq_k0_seed42_Qwen-Qwen2.5-Coder-7B-Instruct_k0_Lband-0.90-6_a1p5_seed42_es0_el5000.json,vectors/python/behavior_tssb_correctness_behavior_apr_qwen2-5-coder-7b-instruct_pca_center_suffix.svec,,
manysstubs_mcq_k0_seed42,,mcq_cache/manysstubs_mcq_k0_seed42.json,Qwen/Qwen2.5-Coder-14B-Instruct,0,band:0.15:6,3.0,42,,,,,,,0.6254,0.0,3127,0,5000,mcq_cache/steered_manysstubs_mcq_k0_seed42_Qwen-Qwen2.5-Coder-14B-Instruct_k0_Lband-0.15-6_a3p0_seed42_es0_el5000.json,vectors/java/behavior_manysstubs_apr_manysstubs_pairs_3k_qwen2-5-coder-14b-instruct_pca_center_suffix.svec,,
tssb_mcq_k0_seed42,,mcq_cache/tssb_mcq_k0_seed42.json,Qwen/Qwen2.5-Coder-7B-Instruct,0,band:0.90:6,2.0,42,,,,,,,0.6256,0.0,3128,0,5000,mcq_cache/steered_tssb_mcq_k0_seed42_Qwen-Qwen2.5-Coder-7B-Instruct_k0_Lband-0.90-6_a2p0_seed42_es0_el5000.json,vectors/python/behavior_tssb_correctness_behavior_apr_qwen2-5-coder-7b-instruct_pca_center_suffix.svec,,
tssb_mcq_k0_seed42,,mcq_cache/tssb_mcq_k0_seed42.json,Qwen/Qwen2.5-Coder-7B-Instruct,0,band:0.90:6,2.5,42,,,,,,,0.6258,0.0,3129,0,5000,mcq_cache/steered_tssb_mcq_k0_seed42_Qwen-Qwen2.5-Coder-7B-Instruct_k0_Lband-0.90-6_a2p5_seed42_es0_el5000.json,vectors/python/behavior_tssb_correctness_behavior_apr_qwen2-5-coder-7b-instruct_pca_center_suffix.svec,,
manysstubs_mcq_k0_seed42,,mcq_cache/manysstubs_mcq_k0_seed42.json,Qwen/Qwen2.5-Coder-14B-Instruct,0,band:0.35:6,1.0,42,,,,,,,0.625,0.0,3125,0,5000,mcq_cache/steered_manysstubs_mcq_k0_seed42_Qwen-Qwen2.5-Coder-14B-Instruct_k0_Lband-0.35-6_a1p0_seed42_es0_el5000.json,vectors/java/behavior_manysstubs_apr_manysstubs_pairs_3k_qwen2-5-coder-14b-instruct_pca_center_suffix.svec,,
tssb_mcq_k0_seed42,,mcq_cache/tssb_mcq_k0_seed42.json,Qwen/Qwen2.5-Coder-7B-Instruct,0,band:0.90:6,3.0,42,,,,,,,0.6262,0.0,3131,0,5000,mcq_cache/steered_tssb_mcq_k0_seed42_Qwen-Qwen2.5-Coder-7B-Instruct_k0_Lband-0.90-6_a3p0_seed42_es0_el5000.json,vectors/python/behavior_tssb_correctness_behavior_apr_qwen2-5-coder-7b-instruct_pca_center_suffix.svec,,
manysstubs_mcq_k0_seed42,,mcq_cache/manysstubs_mcq_k0_seed42.json,Qwen/Qwen2.5-Coder-14B-Instruct,0,band:0.35:6,1.5,42,,,,,,,0.6228,0.0,3114,0,5000,mcq_cache/steered_manysstubs_mcq_k0_seed42_Qwen-Qwen2.5-Coder-14B-Instruct_k0_Lband-0.35-6_a1p5_seed42_es0_el5000.json,vectors/java/behavior_manysstubs_apr_manysstubs_pairs_3k_qwen2-5-coder-14b-instruct_pca_center_suffix.svec,,
tssb_mcq_k0_seed42,,mcq_cache/tssb_mcq_k0_seed42.json,Qwen/Qwen2.5-Coder-14B-Instruct,0,band:0.15:6,1.0,42,,,,,,,0.6476,0.0,3238,0,5000,mcq_cache/steered_tssb_mcq_k0_seed42_Qwen-Qwen2.5-Coder-14B-Instruct_k0_Lband-0.15-6_a1p0_seed42_es0_el5000.json,vectors/python/behavior_tssb_correctness_behavior_apr_qwen2-5-coder-14b-instruct_pca_center_suffix.svec,,
manysstubs_mcq_k0_seed42,,mcq_cache/manysstubs_mcq_k0_seed42.json,Qwen/Qwen2.5-Coder-14B-Instruct,0,band:0.35:6,2.0,42,,,,,,,0.6224,0.0,3112,0,5000,mcq_cache/steered_manysstubs_mcq_k0_seed42_Qwen-Qwen2.5-Coder-14B-Instruct_k0_Lband-0.35-6_a2p0_seed42_es0_el5000.json,vectors/java/behavior_manysstubs_apr_manysstubs_pairs_3k_qwen2-5-coder-14b-instruct_pca_center_suffix.svec,,
tssb_mcq_k0_seed42,,mcq_cache/tssb_mcq_k0_seed42.json,Qwen/Qwen2.5-Coder-14B-Instruct,0,band:0.15:6,1.5,42,,,,,,,0.6458,0.0,3229,0,5000,mcq_cache/steered_tssb_mcq_k0_seed42_Qwen-Qwen2.5-Coder-14B-Instruct_k0_Lband-0.15-6_a1p5_seed42_es0_el5000.json,vectors/python/behavior_tssb_correctness_behavior_apr_qwen2-5-coder-14b-instruct_pca_center_suffix.svec,,
manysstubs_mcq_k0_seed42,,mcq_cache/manysstubs_mcq_k0_seed42.json,Qwen/Qwen2.5-Coder-14B-Instruct,0,band:0.35:6,2.5,42,,,,,,,0.6216,0.0,3108,0,5000,mcq_cache/steered_manysstubs_mcq_k0_seed42_Qwen-Qwen2.5-Coder-14B-Instruct_k0_Lband-0.35-6_a2p5_seed42_es0_el5000.json,vectors/java/behavior_manysstubs_apr_manysstubs_pairs_3k_qwen2-5-coder-14b-instruct_pca_center_suffix.svec,,
tssb_mcq_k0_seed42,,mcq_cache/tssb_mcq_k0_seed42.json,Qwen/Qwen2.5-Coder-14B-Instruct,0,band:0.15:6,2.0,42,,,,,,,0.6458,0.0,3229,0,5000,mcq_cache/steered_tssb_mcq_k0_seed42_Qwen-Qwen2.5-Coder-14B-Instruct_k0_Lband-0.15-6_a2p0_seed42_es0_el5000.json,vectors/python/behavior_tssb_correctness_behavior_apr_qwen2-5-coder-14b-instruct_pca_center_suffix.svec,,
manysstubs_mcq_k0_seed42,,mcq_cache/manysstubs_mcq_k0_seed42.json,Qwen/Qwen2.5-Coder-14B-Instruct,0,band:0.35:6,3.0,42,,,,,,,0.62,0.0,3100,0,5000,mcq_cache/steered_manysstubs_mcq_k0_seed42_Qwen-Qwen2.5-Coder-14B-Instruct_k0_Lband-0.35-6_a3p0_seed42_es0_el5000.json,vectors/java/behavior_manysstubs_apr_manysstubs_pairs_3k_qwen2-5-coder-14b-instruct_pca_center_suffix.svec,,
tssb_mcq_k0_seed42,,mcq_cache/tssb_mcq_k0_seed42.json,Qwen/Qwen2.5-Coder-14B-Instruct,0,band:0.15:6,2.5,42,,,,,,,0.6468,0.0,3234,0,5000,mcq_cache/steered_tssb_mcq_k0_seed42_Qwen-Qwen2.5-Coder-14B-Instruct_k0_Lband-0.15-6_a2p5_seed42_es0_el5000.json,vectors/python/behavior_tssb_correctness_behavior_apr_qwen2-5-coder-14b-instruct_pca_center_suffix.svec,,
manysstubs_mcq_k0_seed42,,mcq_cache/manysstubs_mcq_k0_seed42.json,Qwen/Qwen2.5-Coder-14B-Instruct,0,band:0.55:6,1.0,42,,,,,,,0.6264,0.0,3132,0,5000,mcq_cache/steered_manysstubs_mcq_k0_seed42_Qwen-Qwen2.5-Coder-14B-Instruct_k0_Lband-0.55-6_a1p0_seed42_es0_el5000.json,vectors/java/behavior_manysstubs_apr_manysstubs_pairs_3k_qwen2-5-coder-14b-instruct_pca_center_suffix.svec,,
tssb_mcq_k0_seed42,,mcq_cache/tssb_mcq_k0_seed42.json,Qwen/Qwen2.5-Coder-14B-Instruct,0,band:0.15:6,3.0,42,,,,,,,0.647,0.0,3235,0,5000,mcq_cache/steered_tssb_mcq_k0_seed42_Qwen-Qwen2.5-Coder-14B-Instruct_k0_Lband-0.15-6_a3p0_seed42_es0_el5000.json,vectors/python/behavior_tssb_correctness_behavior_apr_qwen2-5-coder-14b-instruct_pca_center_suffix.svec,,
manysstubs_mcq_k0_seed42,,mcq_cache/manysstubs_mcq_k0_seed42.json,Qwen/Qwen2.5-Coder-14B-Instruct,0,band:0.55:6,1.5,42,,,,,,,0.6246,0.0,3123,0,5000,mcq_cache/steered_manysstubs_mcq_k0_seed42_Qwen-Qwen2.5-Coder-14B-Instruct_k0_Lband-0.55-6_a1p5_seed42_es0_el5000.json,vectors/java/behavior_manysstubs_apr_manysstubs_pairs_3k_qwen2-5-coder-14b-instruct_pca_center_suffix.svec,,
tssb_mcq_k0_seed42,,mcq_cache/tssb_mcq_k0_seed42.json,Qwen/Qwen2.5-Coder-14B-Instruct,0,band:0.35:6,1.0,42,,,,,,,0.6472,0.0,3236,0,5000,mcq_cache/steered_tssb_mcq_k0_seed42_Qwen-Qwen2.5-Coder-14B-Instruct_k0_Lband-0.35-6_a1p0_seed42_es0_el5000.json,vectors/python/behavior_tssb_correctness_behavior_apr_qwen2-5-coder-14b-instruct_pca_center_suffix.svec,,
manysstubs_mcq_k0_seed42,,mcq_cache/manysstubs_mcq_k0_seed42.json,Qwen/Qwen2.5-Coder-14B-Instruct,0,band:0.55:6,2.0,42,,,,,,,0.6234,0.0,3117,0,5000,mcq_cache/steered_manysstubs_mcq_k0_seed42_Qwen-Qwen2.5-Coder-14B-Instruct_k0_Lband-0.55-6_a2p0_seed42_es0_el5000.json,vectors/java/behavior_manysstubs_apr_manysstubs_pairs_3k_qwen2-5-coder-14b-instruct_pca_center_suffix.svec,,
tssb_mcq_k0_seed42,,mcq_cache/tssb_mcq_k0_seed42.json,Qwen/Qwen2.5-Coder-14B-Instruct,0,band:0.35:6,1.5,42,,,,,,,0.646,0.0,3230,0,5000,mcq_cache/steered_tssb_mcq_k0_seed42_Qwen-Qwen2.5-Coder-14B-Instruct_k0_Lband-0.35-6_a1p5_seed42_es0_el5000.json,vectors/python/behavior_tssb_correctness_behavior_apr_qwen2-5-coder-14b-instruct_pca_center_suffix.svec,,
manysstubs_mcq_k0_seed42,,mcq_cache/manysstubs_mcq_k0_seed42.json,Qwen/Qwen2.5-Coder-14B-Instruct,0,band:0.55:6,2.5,42,,,,,,,0.623,0.0,3115,0,5000,mcq_cache/steered_manysstubs_mcq_k0_seed42_Qwen-Qwen2.5-Coder-14B-Instruct_k0_Lband-0.55-6_a2p5_seed42_es0_el5000.json,vectors/java/behavior_manysstubs_apr_manysstubs_pairs_3k_qwen2-5-coder-14b-instruct_pca_center_suffix.svec,,
tssb_mcq_k0_seed42,,mcq_cache/tssb_mcq_k0_seed42.json,Qwen/Qwen2.5-Coder-14B-Instruct,0,band:0.35:6,2.0,42,,,,,,,0.6454,0.0,3227,0,5000,mcq_cache/steered_tssb_mcq_k0_seed42_Qwen-Qwen2.5-Coder-14B-Instruct_k0_Lband-0.35-6_a2p0_seed42_es0_el5000.json,vectors/python/behavior_tssb_correctness_behavior_apr_qwen2-5-coder-14b-instruct_pca_center_suffix.svec,,
manysstubs_mcq_k0_seed42,,mcq_cache/manysstubs_mcq_k0_seed42.json,Qwen/Qwen2.5-Coder-14B-Instruct,0,band:0.55:6,3.0,42,,,,,,,0.6216,0.0,3108,0,5000,mcq_cache/steered_manysstubs_mcq_k0_seed42_Qwen-Qwen2.5-Coder-14B-Instruct_k0_Lband-0.55-6_a3p0_seed42_es0_el5000.json,vectors/java/behavior_manysstubs_apr_manysstubs_pairs_3k_qwen2-5-coder-14b-instruct_pca_center_suffix.svec,,
tssb_mcq_k0_seed42,,mcq_cache/tssb_mcq_k0_seed42.json,Qwen/Qwen2.5-Coder-14B-Instruct,0,band:0.35:6,2.5,42,,,,,,,0.6448,0.0,3224,0,5000,mcq_cache/steered_tssb_mcq_k0_seed42_Qwen-Qwen2.5-Coder-14B-Instruct_k0_Lband-0.35-6_a2p5_seed42_es0_el5000.json,vectors/python/behavior_tssb_correctness_behavior_apr_qwen2-5-coder-14b-instruct_pca_center_suffix.svec,,
manysstubs_mcq_k0_seed42,,mcq_cache/manysstubs_mcq_k0_seed42.json,Qwen/Qwen2.5-Coder-14B-Instruct,0,band:0.75:6,1.0,42,,,,,,,0.6276,0.0,3138,0,5000,mcq_cache/steered_manysstubs_mcq_k0_seed42_Qwen-Qwen2.5-Coder-14B-Instruct_k0_Lband-0.75-6_a1p0_seed42_es0_el5000.json,vectors/java/behavior_manysstubs_apr_manysstubs_pairs_3k_qwen2-5-coder-14b-instruct_pca_center_suffix.svec,,
tssb_mcq_k0_seed42,,mcq_cache/tssb_mcq_k0_seed42.json,Qwen/Qwen2.5-Coder-14B-Instruct,0,band:0.35:6,3.0,42,,,,,,,0.6438,0.0,3219,0,5000,mcq_cache/steered_tssb_mcq_k0_seed42_Qwen-Qwen2.5-Coder-14B-Instruct_k0_Lband-0.35-6_a3p0_seed42_es0_el5000.json,vectors/python/behavior_tssb_correctness_behavior_apr_qwen2-5-coder-14b-instruct_pca_center_suffix.svec,,
manysstubs_mcq_k0_seed42,,mcq_cache/manysstubs_mcq_k0_seed42.json,Qwen/Qwen2.5-Coder-14B-Instruct,0,band:0.75:6,1.5,42,,,,,,,0.6278,0.0,3139,0,5000,mcq_cache/steered_manysstubs_mcq_k0_seed42_Qwen-Qwen2.5-Coder-14B-Instruct_k0_Lband-0.75-6_a1p5_seed42_es0_el5000.json,vectors/java/behavior_manysstubs_apr_manysstubs_pairs_3k_qwen2-5-coder-14b-instruct_pca_center_suffix.svec,,
tssb_mcq_k0_seed42,,mcq_cache/tssb_mcq_k0_seed42.json,Qwen/Qwen2.5-Coder-14B-Instruct,0,band:0.55:6,1.0,42,,,,,,,0.6456,0.0,3228,0,5000,mcq_cache/steered_tssb_mcq_k0_seed42_Qwen-Qwen2.5-Coder-14B-Instruct_k0_Lband-0.55-6_a1p0_seed42_es0_el5000.json,vectors/python/behavior_tssb_correctness_behavior_apr_qwen2-5-coder-14b-instruct_pca_center_suffix.svec,,
manysstubs_mcq_k0_seed42,,mcq_cache/manysstubs_mcq_k0_seed42.json,Qwen/Qwen2.5-Coder-14B-Instruct,0,band:0.75:6,2.0,42,,,,,,,0.6278,0.0,3139,0,5000,mcq_cache/steered_manysstubs_mcq_k0_seed42_Qwen-Qwen2.5-Coder-14B-Instruct_k0_Lband-0.75-6_a2p0_seed42_es0_el5000.json,vectors/java/behavior_manysstubs_apr_manysstubs_pairs_3k_qwen2-5-coder-14b-instruct_pca_center_suffix.svec,,
tssb_mcq_k0_seed42,,mcq_cache/tssb_mcq_k0_seed42.json,Qwen/Qwen2.5-Coder-14B-Instruct,0,band:0.55:6,1.5,42,,,,,,,0.6446,0.0,3223,0,5000,mcq_cache/steered_tssb_mcq_k0_seed42_Qwen-Qwen2.5-Coder-14B-Instruct_k0_Lband-0.55-6_a1p5_seed42_es0_el5000.json,vectors/python/behavior_tssb_correctness_behavior_apr_qwen2-5-coder-14b-instruct_pca_center_suffix.svec,,
manysstubs_mcq_k0_seed42,,mcq_cache/manysstubs_mcq_k0_seed42.json,Qwen/Qwen2.5-Coder-14B-Instruct,0,band:0.75:6,2.5,42,,,,,,,0.6282,0.0,3141,0,5000,mcq_cache/steered_manysstubs_mcq_k0_seed42_Qwen-Qwen2.5-Coder-14B-Instruct_k0_Lband-0.75-6_a2p5_seed42_es0_el5000.json,vectors/java/behavior_manysstubs_apr_manysstubs_pairs_3k_qwen2-5-coder-14b-instruct_pca_center_suffix.svec,,
tssb_mcq_k0_seed42,,mcq_cache/tssb_mcq_k0_seed42.json,Qwen/Qwen2.5-Coder-14B-Instruct,0,band:0.55:6,2.0,42,,,,,,,0.645,0.0,3225,0,5000,mcq_cache/steered_tssb_mcq_k0_seed42_Qwen-Qwen2.5-Coder-14B-Instruct_k0_Lband-0.55-6_a2p0_seed42_es0_el5000.json,vectors/python/behavior_tssb_correctness_behavior_apr_qwen2-5-coder-14b-instruct_pca_center_suffix.svec,,
manysstubs_mcq_k0_seed42,,mcq_cache/manysstubs_mcq_k0_seed42.json,Qwen/Qwen2.5-Coder-14B-Instruct,0,band:0.75:6,3.0,42,,,,,,,0.628,0.0,3140,0,5000,mcq_cache/steered_manysstubs_mcq_k0_seed42_Qwen-Qwen2.5-Coder-14B-Instruct_k0_Lband-0.75-6_a3p0_seed42_es0_el5000.json,vectors/java/behavior_manysstubs_apr_manysstubs_pairs_3k_qwen2-5-coder-14b-instruct_pca_center_suffix.svec,,
tssb_mcq_k0_seed42,,mcq_cache/tssb_mcq_k0_seed42.json,Qwen/Qwen2.5-Coder-14B-Instruct,0,band:0.55:6,2.5,42,,,,,,,0.6424,0.0,3212,0,5000,mcq_cache/steered_tssb_mcq_k0_seed42_Qwen-Qwen2.5-Coder-14B-Instruct_k0_Lband-0.55-6_a2p5_seed42_es0_el5000.json,vectors/python/behavior_tssb_correctness_behavior_apr_qwen2-5-coder-14b-instruct_pca_center_suffix.svec,,
manysstubs_mcq_k0_seed42,,mcq_cache/manysstubs_mcq_k0_seed42.json,Qwen/Qwen2.5-Coder-14B-Instruct,0,band:0.90:6,1.0,42,,,,,,,0.6284,0.0,3142,0,5000,mcq_cache/steered_manysstubs_mcq_k0_seed42_Qwen-Qwen2.5-Coder-14B-Instruct_k0_Lband-0.90-6_a1p0_seed42_es0_el5000.json,vectors/java/behavior_manysstubs_apr_manysstubs_pairs_3k_qwen2-5-coder-14b-instruct_pca_center_suffix.svec,,
tssb_mcq_k0_seed42,,mcq_cache/tssb_mcq_k0_seed42.json,Qwen/Qwen2.5-Coder-14B-Instruct,0,band:0.55:6,3.0,42,,,,,,,0.641,0.0,3205,0,5000,mcq_cache/steered_tssb_mcq_k0_seed42_Qwen-Qwen2.5-Coder-14B-Instruct_k0_Lband-0.55-6_a3p0_seed42_es0_el5000.json,vectors/python/behavior_tssb_correctness_behavior_apr_qwen2-5-coder-14b-instruct_pca_center_suffix.svec,,
manysstubs_mcq_k0_seed42,,mcq_cache/manysstubs_mcq_k0_seed42.json,Qwen/Qwen2.5-Coder-14B-Instruct,0,band:0.90:6,1.5,42,,,,,,,0.6278,0.0,3139,0,5000,mcq_cache/steered_manysstubs_mcq_k0_seed42_Qwen-Qwen2.5-Coder-14B-Instruct_k0_Lband-0.90-6_a1p5_seed42_es0_el5000.json,vectors/java/behavior_manysstubs_apr_manysstubs_pairs_3k_qwen2-5-coder-14b-instruct_pca_center_suffix.svec,,
tssb_mcq_k0_seed42,,mcq_cache/tssb_mcq_k0_seed42.json,Qwen/Qwen2.5-Coder-14B-Instruct,0,band:0.75:6,1.0,42,,,,,,,0.647,0.0,3235,0,5000,mcq_cache/steered_tssb_mcq_k0_seed42_Qwen-Qwen2.5-Coder-14B-Instruct_k0_Lband-0.75-6_a1p0_seed42_es0_el5000.json,vectors/python/behavior_tssb_correctness_behavior_apr_qwen2-5-coder-14b-instruct_pca_center_suffix.svec,,
manysstubs_mcq_k0_seed42,,mcq_cache/manysstubs_mcq_k0_seed42.json,Qwen/Qwen2.5-Coder-14B-Instruct,0,band:0.90:6,2.0,42,,,,,,,0.6278,0.0,3139,0,5000,mcq_cache/steered_manysstubs_mcq_k0_seed42_Qwen-Qwen2.5-Coder-14B-Instruct_k0_Lband-0.90-6_a2p0_seed42_es0_el5000.json,vectors/java/behavior_manysstubs_apr_manysstubs_pairs_3k_qwen2-5-coder-14b-instruct_pca_center_suffix.svec,,
tssb_mcq_k0_seed42,,mcq_cache/tssb_mcq_k0_seed42.json,Qwen/Qwen2.5-Coder-14B-Instruct,0,band:0.75:6,1.5,42,,,,,,,0.6478,0.0,3239,0,5000,mcq_cache/steered_tssb_mcq_k0_seed42_Qwen-Qwen2.5-Coder-14B-Instruct_k0_Lband-0.75-6_a1p5_seed42_es0_el5000.json,vectors/python/behavior_tssb_correctness_behavior_apr_qwen2-5-coder-14b-instruct_pca_center_suffix.svec,,
manysstubs_mcq_k0_seed42,,mcq_cache/manysstubs_mcq_k0_seed42.json,Qwen/Qwen2.5-Coder-14B-Instruct,0,band:0.90:6,2.5,42,,,,,,,0.6282,0.0,3141,0,5000,mcq_cache/steered_manysstubs_mcq_k0_seed42_Qwen-Qwen2.5-Coder-14B-Instruct_k0_Lband-0.90-6_a2p5_seed42_es0_el5000.json,vectors/java/behavior_manysstubs_apr_manysstubs_pairs_3k_qwen2-5-coder-14b-instruct_pca_center_suffix.svec,,
tssb_mcq_k0_seed42,,mcq_cache/tssb_mcq_k0_seed42.json,Qwen/Qwen2.5-Coder-14B-Instruct,0,band:0.75:6,2.0,42,,,,,,,0.648,0.0,3240,0,5000,mcq_cache/steered_tssb_mcq_k0_seed42_Qwen-Qwen2.5-Coder-14B-Instruct_k0_Lband-0.75-6_a2p0_seed42_es0_el5000.json,vectors/python/behavior_tssb_correctness_behavior_apr_qwen2-5-coder-14b-instruct_pca_center_suffix.svec,,
manysstubs_mcq_k0_seed42,,mcq_cache/manysstubs_mcq_k0_seed42.json,Qwen/Qwen2.5-Coder-14B-Instruct,0,band:0.90:6,3.0,42,,,,,,,0.6282,0.0,3141,0,5000,mcq_cache/steered_manysstubs_mcq_k0_seed42_Qwen-Qwen2.5-Coder-14B-Instruct_k0_Lband-0.90-6_a3p0_seed42_es0_el5000.json,vectors/java/behavior_manysstubs_apr_manysstubs_pairs_3k_qwen2-5-coder-14b-instruct_pca_center_suffix.svec,,
tssb_mcq_k0_seed42,,mcq_cache/tssb_mcq_k0_seed42.json,Qwen/Qwen2.5-Coder-14B-Instruct,0,band:0.75:6,2.5,42,,,,,,,0.6482,0.0,3241,0,5000,mcq_cache/steered_tssb_mcq_k0_seed42_Qwen-Qwen2.5-Coder-14B-Instruct_k0_Lband-0.75-6_a2p5_seed42_es0_el5000.json,vectors/python/behavior_tssb_correctness_behavior_apr_qwen2-5-coder-14b-instruct_pca_center_suffix.svec,,
tssb_mcq_k0_seed42,,mcq_cache/tssb_mcq_k0_seed42.json,Qwen/Qwen2.5-Coder-14B-Instruct,0,band:0.75:6,3.0,42,,,,,,,0.6484,0.0,3242,0,5000,mcq_cache/steered_tssb_mcq_k0_seed42_Qwen-Qwen2.5-Coder-14B-Instruct_k0_Lband-0.75-6_a3p0_seed42_es0_el5000.json,vectors/python/behavior_tssb_correctness_behavior_apr_qwen2-5-coder-14b-instruct_pca_center_suffix.svec,,
tssb_mcq_k0_seed42,,mcq_cache/tssb_mcq_k0_seed42.json,Qwen/Qwen2.5-Coder-14B-Instruct,0,band:0.90:6,1.0,42,,,,,,,0.6476,0.0,3238,0,5000,mcq_cache/steered_tssb_mcq_k0_seed42_Qwen-Qwen2.5-Coder-14B-Instruct_k0_Lband-0.90-6_a1p0_seed42_es0_el5000.json,vectors/python/behavior_tssb_correctness_behavior_apr_qwen2-5-coder-14b-instruct_pca_center_suffix.svec,,
tssb_mcq_k0_seed42,,mcq_cache/tssb_mcq_k0_seed42.json,Qwen/Qwen2.5-Coder-14B-Instruct,0,band:0.90:6,1.5,42,,,,,,,0.647,0.0,3235,0,5000,mcq_cache/steered_tssb_mcq_k0_seed42_Qwen-Qwen2.5-Coder-14B-Instruct_k0_Lband-0.90-6_a1p5_seed42_es0_el5000.json,vectors/python/behavior_tssb_correctness_behavior_apr_qwen2-5-coder-14b-instruct_pca_center_suffix.svec,,
tssb_mcq_k0_seed42,,mcq_cache/tssb_mcq_k0_seed42.json,Qwen/Qwen2.5-Coder-14B-Instruct,0,band:0.90:6,2.0,42,,,,,,,0.6472,0.0,3236,0,5000,mcq_cache/steered_tssb_mcq_k0_seed42_Qwen-Qwen2.5-Coder-14B-Instruct_k0_Lband-0.90-6_a2p0_seed42_es0_el5000.json,vectors/python/behavior_tssb_correctness_behavior_apr_qwen2-5-coder-14b-instruct_pca_center_suffix.svec,,
tssb_mcq_k0_seed42,,mcq_cache/tssb_mcq_k0_seed42.json,Qwen/Qwen2.5-Coder-14B-Instruct,0,band:0.90:6,2.5,42,,,,,,,0.6472,0.0,3236,0,5000,mcq_cache/steered_tssb_mcq_k0_seed42_Qwen-Qwen2.5-Coder-14B-Instruct_k0_Lband-0.90-6_a2p5_seed42_es0_el5000.json,vectors/python/behavior_tssb_correctness_behavior_apr_qwen2-5-coder-14b-instruct_pca_center_suffix.svec,,
tssb_mcq_k0_seed42,,mcq_cache/tssb_mcq_k0_seed42.json,Qwen/Qwen2.5-Coder-14B-Instruct,0,band:0.90:6,3.0,42,,,,,,,0.6474,0.0,3237,0,5000,mcq_cache/steered_tssb_mcq_k0_seed42_Qwen-Qwen2.5-Coder-14B-Instruct_k0_Lband-0.90-6_a3p0_seed42_es0_el5000.json,vectors/python/behavior_tssb_correctness_behavior_apr_qwen2-5-coder-14b-instruct_pca_center_suffix.svec,,
