dataset_token,source_dataset,mcq_questions,model_id,fewshot_k,layers,strength,seed,baseline_accuracy,baseline_invalid_rate,baseline_correct,baseline_invalid,baseline_total,baseline_cache_path,steered_accuracy,steered_invalid_rate,steered_correct,steered_invalid,steered_total,steered_cache_path,steered_vector_path,delta_accuracy,delta_invalid_rate
tssb_mcq_k0_seed42,,mcq_cache/tssb_mcq_k0_seed42.json,meta-llama/CodeLlama-7b-Instruct-hf,0,"27,28,29,30,31",2.0,42,0.5044216976533668,0.0013230276443144,7244.0,19.0,14361.0,mcq_cache/baseline_tssb_codellama-7b-instruct-hf_k0_seed42.json,,,,,,,,,
tssb_mcq_k0_seed42,,mcq_cache/tssb_mcq_k0_seed42.json,Qwen/Qwen2.5-7B-Instruct,0,"27,28,29,30,31",2.0,42,0.5802520715827588,0.0,8333.0,0.0,14361.0,mcq_cache/baseline_tssb_qwen2-5-7b-instruct_k0_seed42.json,,,,,,,,,
tssb_mcq_k0_seed42,,mcq_cache/tssb_mcq_k0_seed42.json,Qwen/Qwen2.5-Coder-7B-Instruct,0,"27,28,29,30,31",2.0,42,0.5989137246709839,0.0,8601.0,0.0,14361.0,mcq_cache/baseline_tssb_qwen2-5-coder-7b-instruct_k0_seed42.json,,,,,,,,,
tssb_mcq_k0_seed42,,mcq_cache/tssb_mcq_k0_seed42.json,Qwen/Qwen2.5-Coder-14B-Instruct,0,"27,28,29,30,31",2.0,42,0.6368637281526356,0.0,9146.0,0.0,14361.0,mcq_cache/baseline_tssb_qwen2-5-coder-14b-instruct_k0_seed42.json,,,,,,,,,
tssb_mcq_k1_seed42,,mcq_cache/tssb_mcq_k1_seed42.json,meta-llama/CodeLlama-7b-Instruct-hf,1,"27,28,29,30,31",2.0,42,0.5032033426183844,0.0132311977715877,7226.0,190.0,14360.0,mcq_cache/baseline_tssb_codellama-7b-instruct-hf_k1_seed42.json,,,,,,,,,
tssb_mcq_k1_seed42,,mcq_cache/tssb_mcq_k1_seed42.json,Qwen/Qwen2.5-7B-Instruct,1,"27,28,29,30,31",2.0,42,0.5822423398328691,0.0,8361.0,0.0,14360.0,mcq_cache/baseline_tssb_qwen2-5-7b-instruct_k1_seed42.json,,,,,,,,,
tssb_mcq_k1_seed42,,mcq_cache/tssb_mcq_k1_seed42.json,Qwen/Qwen2.5-Coder-7B-Instruct,1,"27,28,29,30,31",2.0,42,0.6542479108635098,6.963788300835655e-05,9395.0,1.0,14360.0,mcq_cache/baseline_tssb_qwen2-5-coder-7b-instruct_k1_seed42.json,,,,,,,,,
tssb_mcq_k1_seed42,,mcq_cache/tssb_mcq_k1_seed42.json,Qwen/Qwen2.5-Coder-14B-Instruct,1,"27,28,29,30,31",2.0,42,0.6715181058495822,0.0,9643.0,0.0,14360.0,mcq_cache/baseline_tssb_qwen2-5-coder-14b-instruct_k1_seed42.json,,,,,,,,,
tssb_mcq_k3_seed42,,mcq_cache/tssb_mcq_k3_seed42.json,meta-llama/CodeLlama-7b-Instruct-hf,3,"27,28,29,30,31",2.0,42,0.3999164229001253,0.2450201977991363,5742.0,3518.0,14358.0,mcq_cache/baseline_tssb_codellama-7b-instruct-hf_k3_seed42.json,,,,,,,,,
tssb_mcq_k3_seed42,,mcq_cache/tssb_mcq_k3_seed42.json,Qwen/Qwen2.5-7B-Instruct,3,"27,28,29,30,31",2.0,42,0.6257138877280959,0.0,8984.0,0.0,14358.0,mcq_cache/baseline_tssb_qwen2-5-7b-instruct_k3_seed42.json,,,,,,,,,
tssb_mcq_k3_seed42,,mcq_cache/tssb_mcq_k3_seed42.json,Qwen/Qwen2.5-Coder-7B-Instruct,3,"27,28,29,30,31",2.0,42,0.6688953893299903,6.964758322886195e-05,9604.0,1.0,14358.0,mcq_cache/baseline_tssb_qwen2-5-coder-7b-instruct_k3_seed42.json,,,,,,,,,
tssb_mcq_k3_seed42,,mcq_cache/tssb_mcq_k3_seed42.json,Qwen/Qwen2.5-Coder-14B-Instruct,3,"27,28,29,30,31",2.0,42,0.673074244323722,0.0,9664.0,0.0,14358.0,mcq_cache/baseline_tssb_qwen2-5-coder-14b-instruct_k3_seed42.json,,,,,,,,,
tssb_mcq_k5_seed42,,mcq_cache/tssb_mcq_k5_seed42.json,meta-llama/CodeLlama-7b-Instruct-hf,5,"27,28,29,30,31",2.0,42,0.277027027027027,0.4694901086653664,3977.0,6740.0,14356.0,mcq_cache/baseline_tssb_codellama-7b-instruct-hf_k5_seed42.json,,,,,,,,,
tssb_mcq_k5_seed42,,mcq_cache/tssb_mcq_k5_seed42.json,Qwen/Qwen2.5-7B-Instruct,5,"27,28,29,30,31",2.0,42,0.633950961270549,0.0,9101.0,0.0,14356.0,mcq_cache/baseline_tssb_qwen2-5-7b-instruct_k5_seed42.json,,,,,,,,,
tssb_mcq_k5_seed42,,mcq_cache/tssb_mcq_k5_seed42.json,Qwen/Qwen2.5-Coder-7B-Instruct,5,"27,28,29,30,31",2.0,42,0.6480913903594316,0.0001393145723042,9304.0,2.0,14356.0,mcq_cache/baseline_tssb_qwen2-5-coder-7b-instruct_k5_seed42.json,,,,,,,,,
tssb_mcq_k5_seed42,,mcq_cache/tssb_mcq_k5_seed42.json,Qwen/Qwen2.5-Coder-14B-Instruct,5,"27,28,29,30,31",2.0,42,0.6771384786848704,0.0,9721.0,0.0,14356.0,mcq_cache/baseline_tssb_qwen2-5-coder-14b-instruct_k5_seed42.json,,,,,,,,,
manysstubs_mcq_k3_seed42,,mcq_cache/manysstubs_mcq_k3_seed42.json,Qwen/Qwen2.5-7B-Instruct,3,"27,28,29,30,31",2.0,42,0.544500141870803,0.0,23028.0,0.0,42292.0,mcq_cache/baseline_manysstubs_qwen2-5-7b-instruct_k3_seed42.json,,,,,,,,,
manysstubs_mcq_k3_seed42,,mcq_cache/manysstubs_mcq_k3_seed42.json,Qwen/Qwen2.5-Coder-7B-Instruct,3,"27,28,29,30,31",2.0,42,0.5678142438286201,0.0006857088811122,24014.0,29.0,42292.0,mcq_cache/baseline_manysstubs_qwen2-5-coder-7b-instruct_k3_seed42.json,,,,,,,,,
manysstubs_mcq_k5_seed42,,mcq_cache/manysstubs_mcq_k5_seed42.json,Qwen/Qwen2.5-Coder-7B-Instruct,5,"27,28,29,30,31",2.0,42,0.562851737999527,0.0008039725703475,23803.0,34.0,42290.0,mcq_cache/baseline_manysstubs_qwen2-5-coder-7b-instruct_k5_seed42.json,,,,,,,,,
